magnitude,latitude,longitude,depth,Referencia de localizacion,utc_datetime
7.4,15.8033,-96.1337,22.8,"4 km al NORTE de CRUCECITA, OAX",2020-06-23 15:29:03
7.2,16.218,-98.0135,16,"14 km al SURESTE de PINOTEPA NACIONAL, OAX",2018-02-16 23:39:39
6.5,14.5818,-92.4807,76.2,"37 km al SUROESTE de CD HIDALGO, CHIS",2019-02-01 16:14:12
6.4,13.7792,-93.3382,9.4,"162 km al SUROESTE de CD HIDALGO, CHIS",2019-11-20 04:27:06
6.3,26.6672,-111.079,16.1,"77 km al NORESTE de LORETO, BCS",2018-01-19 16:17:45
6.2,22.348000000000003,-108.01100000000001,5,"191 km al SUROESTE de MAZATLAN, SIN",2020-05-22 08:46:06
6.0,16.2527,-94.6173,80.8,"33 km al SURESTE de UNION HIDALGO, OAX",2020-01-05 04:40:49
6.0,16.2477,-97.775,10.2,"31 km al SURESTE de PINOTEPA NACIONAL, OAX",2018-02-19 06:56:58
5.9,13.3183,-92.2393,4.8,"151 km al SUR de CD HIDALGO, CHIS",2020-08-04 19:17:54
5.9,17.7213,-97.8123,55.6,"10 km al SUROESTE de H HUAJUAPAN DE LEON, OAX",2018-07-19 13:31:55
5.9,18.9507,-104.809,3.5,"41 km al SUROESTE de CIHUATLAN, JAL",2018-02-09 14:05:48
5.9,18.879,-105.271,15.7,"84 km al SUROESTE de CIHUATLAN, JAL",2018-06-30 03:56:49
5.9,15.8438,-97.9887,24.3,"55 km al SUR de PINOTEPA NACIONAL, OAX",2018-02-17 00:36:51
5.8,13.6873,-93.21799999999999,1.1,"159 km al SUROESTE de CD HIDALGO, CHIS",2019-12-23 15:47:55
5.8,18.6877,-106.975,10,"261 km al OESTE de CIHUATLAN, JAL",2019-05-31 11:57:26
5.8,15.4165,-94.9038,18.7,"90 km al SURESTE de SALINA CRUZ, OAX",2019-01-21 11:57:19
5.8,20.4463,-109.265,15.3,"279 km al SUR de CABO SAN LUCAS, BCS",2019-08-14 21:35:18
5.8,13.762,-92.1601,33.2,"101 km al SUR de CD HIDALGO, CHIS",2019-11-30 07:44:22
5.7,13.6932,-93.1072,11.4,"150 km al SUROESTE de CD HIDALGO, CHIS",2020-02-02 03:32:44
5.7,15.3645,-96.0543,15,"46 km al SUR de CRUCECITA, OAX",2020-07-24 03:19:51
5.6,14.3878,-93.0508,11.5,"102 km al SUROESTE de CD HIDALGO, CHIS",2019-06-22 22:31:38
5.6,31.6292,-114.32700000000001,8.3,"82 km al NORESTE de SAN FELIPE, BC",2020-03-07 03:52:02
5.5,15.958,-98.6733,15.8,"79 km al SUROESTE de PINOTEPA NACIONAL, OAX",2019-04-22 20:15:23
5.5,15.7488,-96.5613,12,"10 km al OESTE de S PEDRO POCHUTLA, OAX",2020-06-24 02:33:21
5.5,15.5382,-95.0407,14.5,"73 km al SUR de SALINA CRUZ, OAX",2018-04-11 07:30:38
5.5,15.9068,-93.8033,99.4,"21 km al SUR de TONALA, CHIS",2019-08-12 20:39:35
5.5,14.56,-93.86,6,"142 km al SUROESTE de MAPASTEPEC, CHIS",2020-10-12 04:13:50
5.5,18.3913,-105.428,17.1,"131 km al SUROESTE de CIHUATLAN, JAL",2020-01-10 15:21:21
5.4,17.3062,-94.1302,184,"67 km al SUR de LAS CHOAPAS, VER",2019-01-30 01:46:12
5.4,16.6435,-95.3877,16.7,"32 km al NOROESTE de CD IXTEPEC, OAX",2020-03-20 09:03:34
5.4,19.281,-108.477,4.5,"370 km al SUROESTE de PUERTO VALLARTA, JAL",2018-11-27 05:37:54
5.4,16.6507,-94.1387,123.2,"45 km al OESTE de CINTALAPA, CHIS",2018-10-01 21:43:03
5.4,23.8983,-108.801,12,"131 km al NORESTE de SAN JOSE DEL CABO, BCS",2018-10-08 12:05:55
5.3,13.674000000000001,-93.3313,10,"169 km al SUROESTE de CD HIDALGO, CHIS",2019-11-20 11:30:54
5.3,15.5845,-95.072,14.2,"67 km al SUR de SALINA CRUZ, OAX",2019-10-02 10:13:08
5.3,16.5337,-98.7447,8.1,"40 km al SUROESTE de OMETEPEC, GRO",2018-08-22 18:03:08
5.3,14.4343,-93.9905,6.9,"162 km al SUROESTE de PIJIJIAPAN, CHIS",2020-05-24 03:52:20
5.3,16.262,-98.1053,12.5,"10 km al SUROESTE de PINOTEPA NACIONAL, OAX",2018-02-17 21:30:43
5.3,14.5065,-94.5088,5.5,"191 km al SUROESTE de PIJIJIAPAN, CHIS",2019-07-12 01:34:39
5.3,14.3925,-93.9235,19,"160 km al SUROESTE de MAPASTEPEC, CHIS",2018-09-20 09:21:18
5.3,16.8308,-100.1,17.5,"20 km al SUR de COYUCA DE BENITEZ, GRO",2020-01-30 06:47:22
5.3,16.4895,-95.1032,2.5,"8 km al SUR de CD IXTEPEC, OAX",2020-01-17 02:07:17
5.3,19.684,-109.289,10,"361 km al SUR de CABO SAN LUCAS, BCS",2018-07-23 07:17:11
5.3,29.621,-113.975,10,"176 km al SURESTE de SAN FELIPE, BC",2019-01-17 12:56:37
5.3,16.0222,-98.7022,12,"78 km al SUROESTE de PINOTEPA NACIONAL, OAX",2018-03-20 17:46:54
5.3,24.089000000000002,-108.943,11.6,"138 km al NORESTE de SAN JOSE DEL CABO, BCS",2019-01-31 00:16:50
5.3,15.4297,-94.9822,22.1,"86 km al SURESTE de SALINA CRUZ, OAX",2019-03-24 12:27:32
5.2,15.048,-94.31200000000001,17.7,"129 km al SUROESTE de TONALA, CHIS",2020-04-15 09:44:42
5.2,15.08,-92.7,93,"25 km al OESTE de HUIXTLA, CHIS",2020-09-17 01:13:59
5.2,26.1195,-110.501,17.7,"85 km al ESTE de LORETO, BCS",2018-11-09 14:33:51
5.2,15.5213,-95.0502,16.1,"75 km al SUR de SALINA CRUZ, OAX",2019-07-17 06:25:46
5.2,32.4352,-115.081,13.2,"17 km al NORTE de GPE VICTORIA(KM.43), BC",2018-09-29 02:17:47
5.2,19.5362,-109.052,12,"382 km al SUR de CABO SAN LUCAS, BCS",2019-01-27 05:20:09
5.2,15.6215,-94.0853,76,"62 km al SUROESTE de TONALA, CHIS",2018-06-26 18:02:19
5.2,15.6,-104.93,10,"383 km al SUROESTE de TECOMAN, COL",2019-05-31 07:36:52
5.2,31.4975,-115.544,15.7,"85 km al NOROESTE de SAN FELIPE, BC",2020-08-17 15:30:33
5.2,17.112000000000002,-100.839,44.3,"25 km al SUROESTE de TECPAN, GRO",2018-08-12 14:42:09
5.2,16.4703,-99.0778,5.1,"49 km al SURESTE de SAN MARCOS, GRO",2018-09-25 02:22:19
5.2,15.8405,-96.029,12,"14 km al NORESTE de CRUCECITA, OAX",2020-06-23 01:17:13
5.2,14.7987,-93.74700000000001,31.4,"114 km al SUROESTE de PIJIJIAPAN, CHIS",2018-08-01 16:05:56
5.2,16.0018,-97.1782,27.2,"19 km al NOROESTE de PUERTO ESCONDIDO, OAX",2020-01-24 10:47:49
5.2,16.1683,-98.0412,16.1,"19 km al SUR de PINOTEPA NACIONAL, OAX",2020-07-02 16:17:56
5.2,16.0715,-97.8015,10,"40 km al OESTE de RIO GRANDE, OAX",2018-02-17 03:54:42
5.1,18.3467,-101.441,71.4,"65 km al SUROESTE de HUETAMO, MICH",2019-03-03 15:25:54
5.1,15.4575,-94.8472,18.1,"88 km al SURESTE de SALINA CRUZ, OAX",2018-02-20 06:28:43
5.1,14.7087,-93.3273,22.2,"94 km al SUROESTE de MAPASTEPEC, CHIS",2020-03-26 23:46:01
5.1,14.9937,-92.51299999999999,103.5,"17 km al SUROESTE de HUIXTLA, CHIS",2018-02-10 11:04:13
5.1,14.8717,-94.3008,16.5,"146 km al SUROESTE de TONALA, CHIS",2018-12-21 01:59:08
5.1,13.897,-92.4822,14.3,"94 km al SUROESTE de CD HIDALGO, CHIS",2019-04-19 19:42:59
5.1,14.55,-92.8,48,"71 km al SUROESTE de TAPACHULA, CHIS",2020-10-25 12:47:57
5.1,16.46,-98.8807,6.7,"56 km al SUROESTE de OMETEPEC, GRO",2020-03-30 05:08:21
5.1,15.7422,-99.0895,15,"121 km al SURESTE de SAN MARCOS, GRO",2018-10-26 09:48:10
5.1,16.2073,-98.0713,6.7,"15 km al SUR de PINOTEPA NACIONAL, OAX",2020-01-15 08:15:23
5.1,30.6568,-114.07799999999999,5,"83 km al SURESTE de SAN FELIPE, BC",2019-04-06 21:01:41
5.1,17.1832,-94.7502,135.8,"46 km al NORESTE de MATIAS ROMERO, OAX",2019-06-23 19:35:52
5.1,17.3305,-94.6783,139,"64 km al NORESTE de MATIAS ROMERO, OAX",2019-12-05 19:01:14
5.1,14.6237,-94.1715,16.3,"156 km al SUROESTE de PIJIJIAPAN, CHIS",2018-09-12 02:35:26
5.1,16.5528,-95.2145,81.4,"12 km al OESTE de CD IXTEPEC, OAX",2019-01-29 00:53:20
5.1,18.9142,-107.04,10,"263 km al OESTE de CIHUATLAN, JAL",2019-05-22 21:55:33
5.1,18.31,-106.43299999999999,10,"222 km al SUROESTE de CIHUATLAN, JAL",2019-05-23 18:52:46
5.1,15.8233,-98.3005,5,"63 km al SUROESTE de PINOTEPA NACIONAL, OAX",2019-11-06 05:59:44
5.1,15.4002,-94.6472,24.1,"105 km al SURESTE de SALINA CRUZ, OAX",2018-06-29 09:16:39
5.1,15.5227,-96.804,11,"44 km al SUROESTE de S PEDRO POCHUTLA, OAX",2019-11-24 02:29:08
5.1,17.26,-100.67399999999999,10,"6 km al NOROESTE de TECPAN, GRO",2019-03-09 14:00:49
5.1,18.14,-103.52,5,"80 km al SUROESTE de COALCOMAN, MICH",2018-07-17 08:54:37
5.1,16.674,-99.6517,17.3,"31 km al SUROESTE de SAN MARCOS, GRO",2019-10-05 16:20:10
5.1,16.787,-100.13600000000001,14.5,"25 km al SUR de COYUCA DE BENITEZ, GRO",2020-01-29 23:17:48
5.1,14.86,-92.9032,74.3,"56 km al SUROESTE de HUIXTLA, CHIS",2020-03-15 01:22:16
5.1,16.2503,-98.3182,6.9,"30 km al SUROESTE de PINOTEPA NACIONAL, OAX",2020-01-11 14:22:02
5.1,18.1868,-100.479,53,"25 km al SUROESTE de ARCELIA, GRO",2018-05-16 14:20:29
5.0,14.52,-91.77,108,"44 km al SURESTE de CD HIDALGO, CHIS",2020-10-12 06:06:56
5.0,17.0585,-98.6643,36.2,"50 km al NOROESTE de OMETEPEC, GRO",2018-05-21 02:15:20
5.0,14.3757,-93.1912,15.9,"115 km al SUROESTE de HUIXTLA, CHIS",2019-06-14 16:26:31
5.0,15.4957,-95.1065,18.5,"77 km al SUR de SALINA CRUZ, OAX",2019-01-10 02:13:13
5.0,15.3193,-95.91,3.4,"55 km al SURESTE de CRUCECITA, OAX",2018-02-14 08:35:31
5.0,15.8793,-94.1975,76.4,"51 km al SUROESTE de ARRIAGA , CHIS",2019-09-22 01:50:24
5.0,16.4765,-99.06,5,"50 km al SURESTE de SAN MARCOS, GRO",2018-09-25 03:17:17
5.0,13.8038,-93.3612,8.6,"162 km al SUROESTE de CD HIDALGO, CHIS",2020-04-24 00:30:36
5.0,15.499,-96.445,17.6,"27 km al SUR de S PEDRO POCHUTLA, OAX",2018-02-07 09:21:04
5.0,15.0718,-94.3358,19.3,"128 km al SUROESTE de TONALA, CHIS",2018-02-21 16:11:31
5.0,15.5337,-92.0603,228.1,"16 km al SURESTE de FRONTERA COMALAPA, CHIS",2019-10-24 03:54:19
5.0,16.98,-95.1228,104.5,"15 km al NOROESTE de MATIAS ROMERO, OAX",2018-05-13 17:10:41
5.0,15.5203,-94.9307,16.1,"79 km al SURESTE de SALINA CRUZ, OAX",2020-05-21 04:28:51
5.0,18.5245,-101.75299999999999,65,"66 km al SURESTE de NUEVA ITALIA, MICH",2019-06-16 17:25:25
5.0,22.8325,-108.355,10,"141 km al ESTE de SAN JOSE DEL CABO, BCS",2018-04-04 21:23:25
5.0,19.1535,-108.959,15.4,"422 km al SUROESTE de PUERTO VALLARTA, JAL",2018-10-07 20:56:04
5.0,15.6072,-96.88,23.2,"35 km al SURESTE de PUERTO ESCONDIDO, OAX",2019-10-10 22:11:08
5.0,19.4172,-108.991,10,"396 km al SUR de CABO SAN LUCAS, BCS",2019-05-15 03:40:27
5.0,30.6678,-114.05799999999999,8.1,"84 km al SURESTE de SAN FELIPE, BC",2019-12-12 12:25:33
5.0,15.948,-98.7318,14.6,"85 km al SUROESTE de PINOTEPA NACIONAL, OAX",2018-03-20 16:43:55
5.0,14.0313,-93.2342,15,"137 km al SUROESTE de CD HIDALGO, CHIS",2019-03-05 21:52:48
5.0,14.11,-92.1,26,"63 km al SUR de CD HIDALGO, CHIS",2020-11-12 03:21:46
5.0,17.7767,-106.205,5,"237 km al SUROESTE de CIHUATLAN, JAL",2020-08-14 09:30:43
5.0,17.259,-101.34,5.6,"32 km al SUR de PETATLAN, GRO",2020-04-07 01:52:15
5.0,17.2247,-100.464,42.9,"4 km al NOROESTE de ATOYAC DE ALVAREZ, GRO",2020-02-21 01:48:15
5.0,15.6685,-97.9603,17.5,"68 km al SUROESTE de RIO GRANDE, OAX",2018-02-23 05:43:36
5.0,14.6917,-92.3852,82.7,"25 km al OESTE de CD HIDALGO, CHIS",2019-07-18 16:24:24
5.0,14.2843,-93.3423,10,"133 km al SUROESTE de HUIXTLA, CHIS",2020-03-06 20:30:44
5.0,18.031,-95.4352,60.5,"5 km al NOROESTE de J RODRIGUEZ CLARA, VER",2019-08-02 08:35:00
5.0,19.9265,-109.432,10,"332 km al SUR de CABO SAN LUCAS, BCS",2020-02-05 10:43:05
5.0,15.7963,-98.4767,18.7,"75 km al SUROESTE de PINOTEPA NACIONAL, OAX",2018-09-10 17:15:47
5.0,14.6087,-92.5753,68.8,"46 km al OESTE de CD HIDALGO, CHIS",2018-09-27 17:32:13
5.0,17.3777,-94.6972,150.4,"62 km al SURESTE de SAYULA DE ALEMAN, VER",2018-07-22 12:39:40
5.0,14.3865,-93.2005,15,"115 km al SUROESTE de HUIXTLA, CHIS",2019-04-12 13:31:49
5.0,19.6728,-108.755,10,"376 km al SURESTE de CABO SAN LUCAS, BCS",2019-05-15 14:49:35
4.9,15.33,-94.5897,17.5,"114 km al SURESTE de SALINA CRUZ, OAX",2019-05-22 21:16:32
4.9,15.36,-94.4655,17.8,"111 km al SUROESTE de TONALA, CHIS",2018-03-06 20:41:23
4.9,17.1332,-101.412,16.1,"47 km al SUROESTE de PETATLAN, GRO",2019-10-22 23:25:59
4.9,19.1235,-107.969,15.6,"331 km al SUROESTE de PUERTO VALLARTA, JAL",2018-04-14 18:38:13
4.9,26.89,-111.31,13,"97 km al NORTE de LORETO, BCS",2020-09-24 23:01:29
4.9,14.3203,-93.2762,17.8,"126 km al SUROESTE de HUIXTLA, CHIS",2019-06-14 18:13:01
4.9,17.01,-94.552,129.8,"54 km al NORESTE de MATIAS ROMERO, OAX",2020-01-21 09:49:17
4.9,16.2248,-98.0645,7.5,"13 km al SUR de PINOTEPA NACIONAL, OAX",2020-01-15 07:44:35
4.9,15.815,-96.8165,28,"27 km al ESTE de PUERTO ESCONDIDO, OAX",2020-07-01 19:54:08
4.9,17.7417,-95.5572,115.1,"32 km al SUR de ISLA, VER",2018-07-20 17:42:05
4.9,16.0477,-99.206,15,"85 km al SUR de SAN MARCOS, GRO",2018-05-04 15:16:55
4.9,19.113,-109.09700000000001,10,"426 km al SUR de CABO SAN LUCAS, BCS",2019-10-19 10:05:55
4.9,14.3558,-93.0803,14.4,"106 km al SUROESTE de CD HIDALGO, CHIS",2019-06-24 10:12:04
4.9,15.3445,-94.7625,16.1,"104 km al SURESTE de SALINA CRUZ, OAX",2019-04-04 00:27:54
4.9,14.2673,-93.0903,11.3,"111 km al SUROESTE de CD HIDALGO, CHIS",2019-06-30 23:34:55
4.9,15.6682,-92.5142,163,"40 km al OESTE de FRONTERA COMALAPA, CHIS",2019-02-05 16:15:35
4.9,15.655,-95.0557,23.2,"60 km al SUR de SALINA CRUZ, OAX",2019-09-13 15:32:59
4.9,16.5168,-95.1527,9.1,"8 km al SUROESTE de CD IXTEPEC, OAX",2020-01-17 02:11:05
4.9,19.4802,-108.999,9.9,"389 km al SUR de CABO SAN LUCAS, BCS",2019-05-14 21:50:06
4.9,18.8088,-104.536,9.3,"35 km al SUROESTE de MANZANILLO, COL",2019-02-18 03:22:20
4.9,15.6092,-94.985,22.8,"67 km al SURESTE de SALINA CRUZ, OAX",2018-02-16 01:54:42
4.9,17.5532,-95.554,49.5,"51 km al SUROESTE de J RODRIGUEZ CLARA, VER",2020-03-11 06:43:44
4.9,16.262,-99.4267,16,"59 km al SUR de SAN MARCOS, GRO",2019-09-30 23:15:28
4.9,32.2785,-115.223,21.1,"11 km al OESTE de GPE VICTORIA(KM.43), BC",2018-11-19 20:18:43
4.9,13.4055,-92.5108,20,"146 km al SUROESTE de CD HIDALGO, CHIS",2018-06-04 15:06:48
4.9,15.5417,-96.241,15.2,"28 km al SUROESTE de CRUCECITA, OAX",2020-07-04 01:29:19
4.9,17.3053,-95.38600000000001,120.3,"60 km al NOROESTE de MATIAS ROMERO, OAX",2019-04-14 16:48:18
4.9,15.4863,-96.851,15.9,"48 km al SURESTE de PUERTO ESCONDIDO, OAX",2019-11-24 02:33:11
4.9,17.0577,-99.9422,39.4,"16 km al NORESTE de COYUCA DE BENITEZ, GRO",2019-06-04 19:12:09
4.9,31.2502,-115.572,20.5,"70 km al NORESTE de VICENTE GUERRERO, BC",2019-04-20 14:41:51
4.9,15.2602,-94.5777,18.2,"122 km al SURESTE de SALINA CRUZ, OAX",2018-02-25 12:51:36
4.9,14.2567,-93.1422,10.7,"116 km al SUROESTE de CD HIDALGO, CHIS",2019-03-05 15:58:21
4.9,14.35,-92.23,75,"38 km al SUR de CD HIDALGO, CHIS",2020-09-22 22:56:33
4.9,14.2058,-93.0615,8.9,"111 km al SUROESTE de CD HIDALGO, CHIS",2019-03-05 13:44:59
4.9,15.0713,-92.7687,106.4,"33 km al OESTE de HUIXTLA, CHIS",2019-05-29 13:49:15
4.9,17.7387,-102.421,9.2,"33 km al SUROESTE de CD LAZARO CARDENAS, MICH",2018-02-05 01:24:20
4.9,14.1087,-93.212,14.7,"131 km al SUROESTE de CD HIDALGO, CHIS",2019-03-05 11:41:08
4.9,17.17,-94.0463,172.7,"63 km al NOROESTE de CINTALAPA, CHIS",2018-12-31 10:13:31
4.9,15.9,-98.03,5,"49 km al SUR de PINOTEPA NACIONAL, OAX",2020-09-28 23:27:19
4.8,15.5568,-95.0257,16.1,"72 km al SUR de SALINA CRUZ, OAX",2018-04-15 02:13:27
4.8,16.014,-98.7102,16.9,"79 km al SUROESTE de PINOTEPA NACIONAL, OAX",2018-09-16 04:30:13
4.8,26.3842,-110.682,16.1,"78 km al NORESTE de LORETO, BCS",2019-01-04 12:33:07
4.8,15.8737,-98.4653,13.5,"68 km al SUROESTE de PINOTEPA NACIONAL, OAX",2019-06-18 06:24:49
4.8,14.2912,-93.0598,12,"107 km al SUROESTE de CD HIDALGO, CHIS",2019-06-22 21:48:27
4.8,22.2817,-108.449,14,"155 km al SURESTE de SAN JOSE DEL CABO, BCS",2018-04-04 22:07:51
4.8,15.4453,-96.8493,16.1,"52 km al SURESTE de PUERTO ESCONDIDO, OAX",2019-11-24 02:34:38
4.8,17.9265,-102.93299999999999,8.1,"65 km al OESTE de LA MIRA, MICH",2020-08-03 06:46:53
4.8,17.2338,-94.8273,57,"46 km al NORESTE de MATIAS ROMERO, OAX",2019-01-13 17:57:03
4.8,15.495,-96.4605,4.9,"28 km al SUR de S PEDRO POCHUTLA, OAX",2020-06-24 03:11:16
4.8,18.0035,-102.10700000000001,29,"11 km al ESTE de LAS GUACAMAYAS, MICH",2019-11-15 20:33:00
4.8,15.9777,-95.9913,61.1,"28 km al NORESTE de CRUCECITA, OAX",2019-01-15 12:48:14
4.8,15.9782,-98.3812,12.2,"53 km al SUROESTE de PINOTEPA NACIONAL, OAX",2019-06-06 15:25:38
4.8,15.2067,-94.571,19.3,"127 km al SURESTE de SALINA CRUZ, OAX",2020-03-07 20:30:29
4.8,14.2597,-93.35600000000001,6.3,"136 km al SUROESTE de HUIXTLA, CHIS",2019-06-14 18:36:26
4.8,15.9455,-93.8035,101.2,"16 km al SUROESTE de TONALA, CHIS",2018-12-02 16:52:52
4.8,17.515,-101.91,12.1,"41 km al SUROESTE de ZIHUATANEJO, GRO",2019-11-27 00:13:55
4.8,13.8355,-93.6755,16.1,"189 km al SUROESTE de CD HIDALGO, CHIS",2020-07-30 13:09:53
4.8,14.62,-93.68,9,"124 km al SUROESTE de MAPASTEPEC, CHIS",2020-10-12 07:03:06
4.8,16.0412,-98.4013,16.9,"50 km al SUROESTE de PINOTEPA NACIONAL, OAX",2020-01-12 07:43:09
4.8,15.9097,-98.2535,5,"52 km al SUROESTE de PINOTEPA NACIONAL, OAX",2019-11-06 02:12:36
4.8,14.0817,-93.206,10,"131 km al SUROESTE de CD HIDALGO, CHIS",2019-10-27 18:39:24
4.8,14.3953,-93.1247,7.6,"109 km al SUROESTE de HUIXTLA, CHIS",2018-09-10 12:39:16
4.8,14.8448,-94.2132,16.1,"142 km al SUROESTE de PIJIJIAPAN, CHIS",2018-06-10 01:03:23
4.8,19.1078,-108.87899999999999,10,"416 km al SUROESTE de PUERTO VALLARTA, JAL",2019-05-10 13:33:43
4.8,17.0757,-95.3593,104,"41 km al NOROESTE de MATIAS ROMERO, OAX",2018-04-19 10:06:22
4.8,16.4027,-95.0808,93.3,"7 km al SUROESTE de JUCHITAN DE ZARAGOZA, OAX",2018-09-02 21:35:34
4.8,18.5178,-104.005,5,"45 km al SUROESTE de TECOMAN, COL",2019-09-22 22:12:28
4.8,16.1912,-98.102,6.4,"17 km al SUROESTE de PINOTEPA NACIONAL, OAX",2018-08-16 16:15:30
4.8,15.9925,-98.1627,12,"40 km al SUROESTE de PINOTEPA NACIONAL, OAX",2019-10-13 04:52:52
4.8,15.530999999999999,-96.8183,10,"45 km al SUROESTE de S PEDRO POCHUTLA, OAX",2019-07-07 08:50:24
4.8,14.21,-93.11,10,"115 km al SUROESTE de CD HIDALGO, CHIS",2020-11-02 23:25:25
4.8,15.82,-92.73,196,"45 km al NORESTE de MAPASTEPEC, CHIS",2020-09-10 12:47:42
4.8,15.2695,-104.90799999999999,15,"411 km al SUROESTE de LA MIRA, MICH",2018-07-10 07:50:12
4.8,19.3192,-108.535,10,"374 km al SUROESTE de PUERTO VALLARTA, JAL",2020-08-18 20:51:22
4.8,14.5982,-93.87,15.5,"140 km al SUROESTE de PIJIJIAPAN, CHIS",2020-05-23 08:56:52
4.8,15.4172,-96.0185,8.6,"41 km al SURESTE de CRUCECITA, OAX",2020-06-23 18:27:05
4.8,16.5078,-95.215,71.2,"14 km al SUROESTE de CD IXTEPEC, OAX",2018-04-18 11:59:20
4.8,17.0582,-94.8353,66.6,"30 km al NORESTE de MATIAS ROMERO, OAX",2019-08-23 09:09:24
4.8,14.0743,-92.4822,16.3,"76 km al SUROESTE de CD HIDALGO, CHIS",2019-09-10 23:54:56
4.8,18.9367,-109.20200000000001,10,"444 km al SUR de CABO SAN LUCAS, BCS",2019-02-14 00:00:09
4.8,16.8322,-100.101,7.8,"19 km al SUR de COYUCA DE BENITEZ, GRO",2020-01-30 07:09:02
4.8,19.4675,-105.333,38.6,"85 km al NOROESTE de CIHUATLAN, JAL",2019-12-30 04:01:34
4.8,15.4792,-95.6957,15.4,"57 km al SURESTE de CRUCECITA, OAX",2019-02-15 07:22:03
4.8,18.2233,-101.005,63.6,"39 km al SUROESTE de CD ALTAMIRANO, GRO",2019-03-22 04:25:24
4.8,14.0585,-92.5035,17.5,"78 km al SUROESTE de CD HIDALGO, CHIS",2018-04-01 12:13:00
4.8,16.2285,-98.0955,10.3,"13 km al SUROESTE de PINOTEPA NACIONAL, OAX",2020-01-17 16:17:54
4.8,15.4398,-96.6928,16.1,"42 km al SUROESTE de S PEDRO POCHUTLA, OAX",2020-06-24 20:06:19
4.8,19.0807,-105.256,16.3,"75 km al OESTE de CIHUATLAN, JAL",2018-07-01 05:03:40
4.7,14.3702,-91.9822,78.1,"39 km al SURESTE de CD HIDALGO, CHIS",2019-09-17 19:11:42
4.7,16.6943,-99.8687,11.9,"20 km al SUR de ACAPULCO, GRO",2019-07-03 06:09:32
4.7,15.886,-95.1892,13.4,"33 km al SUR de SALINA CRUZ, OAX",2018-11-05 10:36:43
4.7,15.7168,-96.7828,17,"34 km al OESTE de S PEDRO POCHUTLA, OAX",2020-03-11 13:50:44
4.7,14.3655,-93.2828,6.4,"123 km al SUROESTE de HUIXTLA, CHIS",2020-03-06 22:00:59
4.7,19.79,-109.25,10,"350 km al SUR de CABO SAN LUCAS, BCS",2020-09-21 04:22:10
4.7,15.8382,-95.5073,22.8,"51 km al SUROESTE de SALINA CRUZ, OAX",2019-07-23 02:49:35
4.7,15.913,-95.1877,49.2,"30 km al SUR de SALINA CRUZ, OAX",2018-06-12 04:45:08
4.7,15.507,-93.068,111.3,"20 km al NOROESTE de MAPASTEPEC, CHIS",2018-02-11 23:44:20
4.7,15.7308,-94.9175,15.8,"58 km al SURESTE de SALINA CRUZ, OAX",2018-01-28 17:05:24
4.7,14.1455,-93.3963,13.4,"147 km al SUROESTE de CD HIDALGO, CHIS",2019-06-14 07:06:24
4.7,15.5092,-96.8717,17.3,"44 km al SURESTE de PUERTO ESCONDIDO, OAX",2019-07-08 10:18:46
4.7,31.4708,-115.565,10.5,"85 km al NOROESTE de SAN FELIPE, BC",2020-08-17 15:09:06
4.7,14.3163,-92.2412,61.4,"41 km al SUR de CD HIDALGO, CHIS",2019-08-29 18:29:00
4.7,16.2608,-99.3937,11.3,"59 km al SUR de SAN MARCOS, GRO",2019-10-06 13:37:26
4.7,24.096999999999998,-108.92399999999999,7.3,"140 km al NORESTE de SAN JOSE DEL CABO, BCS",2018-03-02 00:23:17
4.7,13.1298,-92.1845,22.6,"171 km al SUR de CD HIDALGO, CHIS",2018-06-05 04:54:42
4.7,18.1932,-103.55,5,"77 km al SUROESTE de COALCOMAN, MICH",2019-08-28 02:49:02
4.7,16.3972,-98.4235,9.9,"32 km al SUR de OMETEPEC, GRO",2019-08-15 11:01:08
4.7,14.9012,-98.4438,17.4,"164 km al SUROESTE de RIO GRANDE, OAX",2020-08-17 20:14:58
4.7,17.01,-95.85,12,"67 km al ESTE de TLACOLULA, OAX",2020-10-02 07:35:22
4.7,16.0927,-93.055,178.2,"27 km al SURESTE de VILLAFLORES, CHIS",2020-03-07 10:29:10
4.7,15.6027,-96.0328,14.2,"21 km al SURESTE de CRUCECITA, OAX",2020-06-23 20:54:31
4.7,14.4548,-93.361,15,"120 km al SUROESTE de MAPASTEPEC, CHIS",2019-01-05 18:52:57
4.7,15.6102,-95.5647,9.9,"64 km al SURESTE de CRUCECITA, OAX",2019-09-09 11:14:17
4.7,14.5665,-93.2043,25,"102 km al SUROESTE de HUIXTLA, CHIS",2019-06-23 06:03:38
4.7,14.5747,-94.3617,16.1,"174 km al SUROESTE de PIJIJIAPAN, CHIS",2019-01-07 11:03:22
4.7,16.2127,-98.9205,16.1,"76 km al SUROESTE de OMETEPEC, GRO",2018-03-01 15:41:55
4.7,14.4192,-91.9912,70.9,"34 km al SURESTE de CD HIDALGO, CHIS",2019-10-07 04:39:32
4.7,14.921,-94.1462,28.1,"131 km al SUROESTE de PIJIJIAPAN, CHIS",2019-09-15 11:50:30
4.7,16.3957,-97.9418,7.4,"13 km al NORESTE de PINOTEPA NACIONAL, OAX",2018-02-28 12:30:02
4.7,13.799000000000001,-92.941,13,"129 km al SUROESTE de CD HIDALGO, CHIS",2020-02-24 09:00:23
4.7,14.8817,-94.1993,15,"139 km al SUROESTE de PIJIJIAPAN, CHIS",2018-10-27 18:50:17
4.7,18.1423,-103.23899999999999,5,"71 km al SUR de COALCOMAN, MICH",2018-02-27 04:13:59
4.7,18.2872,-101.15,70.6,"46 km al SUROESTE de HUETAMO, MICH",2018-12-03 20:00:33
4.7,15.5552,-96.2508,22.9,"27 km al SUROESTE de CRUCECITA, OAX",2020-08-21 19:36:33
4.7,14.7185,-92.4005,86.8,"26 km al SUROESTE de TAPACHULA, CHIS",2020-06-22 12:02:17
4.7,15.77,-94.25,16,"63 km al SUROESTE de ARRIAGA , CHIS",2020-09-24 03:55:22
4.7,15.7132,-96.8277,5,"30 km al SURESTE de PUERTO ESCONDIDO, OAX",2018-06-25 12:47:55
4.7,14.4225,-93.15299999999999,22.4,"108 km al SUROESTE de HUIXTLA, CHIS",2019-06-14 16:34:49
4.7,15.515,-97.773,16,"66 km al SUROESTE de RIO GRANDE, OAX",2018-11-12 15:54:52
4.7,18.3083,-92.9468,29.5,"19 km al NORESTE de JALPA DE MENDEZ, TAB",2019-08-31 00:09:19
4.7,16.316,-98.0815,14.8,"4 km al SUROESTE de PINOTEPA NACIONAL, OAX",2018-03-21 20:48:53
4.7,15.2055,-93.1085,107.4,"35 km al SUROESTE de MAPASTEPEC, CHIS",2018-07-09 04:15:21
4.7,18.3393,-101.836,67.2,"53 km al NORESTE de LAS GUACAMAYAS, MICH",2020-02-12 07:41:09
4.7,15.5078,-93.5912,86.7,"45 km al SUROESTE de PIJIJIAPAN, CHIS",2019-05-16 07:11:00
4.7,26.6807,-110.87899999999999,11.8,"87 km al NORESTE de LORETO, BCS",2018-01-19 16:48:31
4.7,14.5212,-92.8355,22.9,"75 km al SUROESTE de TAPACHULA, CHIS",2018-09-15 00:28:35
4.7,16.5357,-94.6698,97.3,"18 km al NORESTE de UNION HIDALGO, OAX",2018-03-18 07:47:23
4.7,17.0253,-94.8175,113,"29 km al NORESTE de MATIAS ROMERO, OAX",2018-01-18 08:43:57
4.7,30.99,-114.235,10,"57 km al ESTE de SAN FELIPE, BC",2018-03-19 23:36:41
4.7,13.6183,-92.8568,10,"140 km al SUROESTE de CD HIDALGO, CHIS",2019-05-09 18:23:58
4.7,13.6523,-92.2897,15.1,"114 km al SUR de CD HIDALGO, CHIS",2018-05-04 11:09:28
4.7,13.7077,-92.1038,11,"108 km al SUR de CD HIDALGO, CHIS",2018-04-08 08:19:17
4.7,17.847,-101.15700000000001,47,"36 km al NORESTE de PETATLAN, GRO",2019-12-09 22:14:16
4.7,16.7358,-95.0488,101.1,"15 km al SUR de MATIAS ROMERO, OAX",2018-05-06 03:03:16
4.7,15.8667,-96.2085,45.9,"13 km al NOROESTE de CRUCECITA, OAX",2019-04-22 10:19:49
4.7,25.89,-110.22,14,"105 km al OESTE de AHOME, SIN",2020-10-24 10:11:09
4.7,17.59,-101.126,46.2,"17 km al NORESTE de PETATLAN, GRO",2020-07-14 04:13:01
4.7,15.06,-92.75,91,"31 km al SUROESTE de HUIXTLA, CHIS",2020-10-13 00:12:38
4.7,27.7127,-105.723,10,"54 km al OESTE de SANTA ROSALIA, CHIH",2018-07-10 20:07:51
4.7,15.092,-94.6088,20.9,"136 km al SURESTE de SALINA CRUZ, OAX",2019-04-13 08:08:23
4.7,15.97,-98.4,10,"55 km al SUROESTE de PINOTEPA NACIONAL, OAX",2020-10-29 17:37:01
4.7,14.3645,-93.1683,12.3,"114 km al SUROESTE de HUIXTLA, CHIS",2019-02-19 14:13:12
4.7,16.5777,-99.2602,5,"28 km al SURESTE de SAN MARCOS, GRO",2018-01-08 17:01:03
4.7,15.4672,-93.1507,101.3,"25 km al SUR de PIJIJIAPAN, CHIS",2019-04-01 03:36:05
4.7,18.4788,-101.301,70.6,"46 km al SUROESTE de HUETAMO, MICH",2018-08-06 13:18:06
4.7,14.6282,-92.5498,68.5,"43 km al OESTE de CD HIDALGO, CHIS",2020-05-24 05:53:06
4.7,17.8662,-98.6078,57.4,"36 km al NORTE de TLAPA, GRO",2020-06-30 04:05:53
4.7,15.5767,-96.0888,18.4,"22 km al SUR de CRUCECITA, OAX",2020-07-05 12:58:47
4.7,16.4208,-95.1077,80.4,"10 km al OESTE de JUCHITAN DE ZARAGOZA, OAX",2019-03-03 16:57:34
4.7,16.157,-99.24799999999999,10.6,"72 km al SUR de SAN MARCOS, GRO",2018-07-21 01:29:40
4.7,14.2057,-93.0902,12.5,"114 km al SUROESTE de CD HIDALGO, CHIS",2019-03-05 17:43:58
4.7,15.8568,-93.8293,107.9,"27 km al SUROESTE de TONALA, CHIS",2019-03-10 19:17:13
4.7,26.6225,-111.01299999999999,15,"75 km al NORESTE de LORETO, BCS",2018-01-20 13:48:57
4.7,17.069000000000003,-99.5785,54.3,"36 km al NOROESTE de SAN MARCOS, GRO",2018-06-16 22:20:00
4.7,16.3835,-95.1835,50.3,"8 km al NORESTE de S BLAS ATEMPA, OAX",2019-01-14 22:35:09
4.6,25.1648,-109.762,15,"102 km al SUROESTE de AHOME, SIN",2020-02-15 21:23:42
4.6,15.8517,-95.1063,17.3,"38 km al SUR de SALINA CRUZ, OAX",2020-07-18 10:59:47
4.6,15.369000000000002,-94.6483,28.6,"107 km al SURESTE de SALINA CRUZ, OAX",2018-01-25 11:32:16
4.6,17.4137,-101.631,16.3,"27 km al SUROESTE de ZIHUATANEJO, GRO",2018-01-29 17:41:56
4.6,13.6467,-92.0345,5.4,"115 km al SUR de CD HIDALGO, CHIS",2020-06-13 08:54:34
4.6,15.9165,-95.2542,61.1,"30 km al SUR de SALINA CRUZ, OAX",2018-10-02 17:45:03
4.6,25.5573,-104.96700000000001,13,"73 km al NORESTE de SGO PAPASQUIARO, DGO",2018-01-30 01:00:59
4.6,14.2068,-92.0958,55,"53 km al SUR de CD HIDALGO, CHIS",2018-05-06 07:07:24
4.6,14.86,-91.99,118,"24 km al SURESTE de CACAHOATAN, CHIS",2020-10-09 06:27:50
4.6,15.9492,-98.6958,10.7,"81 km al SUROESTE de PINOTEPA NACIONAL, OAX",2018-03-22 10:47:28
4.6,16.0465,-98.6788,16.6,"74 km al SUROESTE de PINOTEPA NACIONAL, OAX",2019-04-22 20:45:25
4.6,26.116999999999997,-92.141,10,"537 km al ESTE de H MATAMOROS, TAMS",2018-02-26 04:44:55
4.6,15.0823,-94.2565,16.1,"123 km al SUROESTE de TONALA, CHIS",2018-04-07 18:57:54
4.6,14.3793,-93.8643,15.9,"157 km al SUROESTE de MAPASTEPEC, CHIS",2019-02-27 09:16:37
4.6,19.81,-109.14,10,"350 km al SUR de CABO SAN LUCAS, BCS",2020-09-21 09:00:02
4.6,14.3537,-93.4308,15,"134 km al SUROESTE de MAPASTEPEC, CHIS",2020-05-01 22:53:07
4.6,17.7633,-95.5353,118.5,"29 km al SUROESTE de J RODRIGUEZ CLARA, VER",2018-10-30 18:39:47
4.6,13.7977,-93.2377,19.2,"152 km al SUROESTE de CD HIDALGO, CHIS",2020-01-15 14:36:16
4.6,15.9795,-95.22,11,"23 km al SUR de SALINA CRUZ, OAX",2020-02-26 08:23:56
4.6,15.2463,-93.6155,107.4,"65 km al SUROESTE de PIJIJIAPAN, CHIS",2019-11-17 10:25:08
4.6,14.460999999999999,-92.6723,10.4,"61 km al SUROESTE de CD HIDALGO, CHIS",2020-01-27 18:00:16
4.6,17.33,-101.68,3,"37 km al SUROESTE de ZIHUATANEJO, GRO",2020-11-02 03:26:44
4.6,15.9338,-98.8665,5,"96 km al SUROESTE de OMETEPEC, GRO",2018-03-30 15:07:55
4.6,17.6528,-101.62200000000001,8.8,"8 km al OESTE de ZIHUATANEJO, GRO",2019-05-02 03:50:57
4.6,17.4905,-101.689,10,"22 km al SUROESTE de ZIHUATANEJO, GRO",2018-12-07 12:14:16
4.6,14.1222,-92.1985,41.2,"62 km al SUR de CD HIDALGO, CHIS",2019-12-23 23:09:44
4.6,15.8677,-97.119,31.5,"6 km al OESTE de PUERTO ESCONDIDO, OAX",2018-07-10 01:52:44
4.6,15.5732,-93.281,104.8,"15 km al SUROESTE de PIJIJIAPAN, CHIS",2020-01-25 14:29:09
4.6,16.2477,-98.2972,6.6,"28 km al SUROESTE de PINOTEPA NACIONAL, OAX",2018-05-28 06:08:53
4.6,15.1165,-94.2082,29.1,"118 km al SUROESTE de TONALA, CHIS",2018-04-12 04:00:26
4.6,27.9933,-112.041,10,"76 km al NORESTE de SANTA ROSALIA, BCS",2019-09-23 09:28:43
4.6,19.88,-108.47,5,"347 km al OESTE de PUERTO VALLARTA, JAL",2020-11-02 03:40:25
4.6,15.0152,-94.2252,39.1,"129 km al SUROESTE de TONALA, CHIS",2018-01-09 07:27:28
4.6,15.5503,-95.061,24.7,"71 km al SUR de SALINA CRUZ, OAX",2019-11-21 18:10:42
4.6,16.2513,-98.0897,11.3,"11 km al SUROESTE de PINOTEPA NACIONAL, OAX",2018-05-17 22:01:16
4.6,16.395,-95.1303,105.1,"13 km al SUROESTE de JUCHITAN DE ZARAGOZA, OAX",2018-04-05 14:56:52
4.6,15.261,-94.3573,38,"112 km al SUROESTE de TONALA, CHIS",2018-05-18 06:33:32
4.6,15.5217,-96.0883,9.7,"28 km al SUR de CRUCECITA, OAX",2020-06-23 16:31:02
4.6,15.3818,-94.5715,16.1,"111 km al SURESTE de SALINA CRUZ, OAX",2018-04-18 21:43:03
4.6,15.6958,-96.3152,3.1,"17 km al SURESTE de S PEDRO POCHUTLA, OAX",2020-08-26 20:32:04
4.6,16.8665,-94.8577,109.4,"20 km al ESTE de MATIAS ROMERO, OAX",2018-08-15 06:17:43
4.6,15.3205,-94.7303,18,"108 km al SURESTE de SALINA CRUZ, OAX",2019-07-15 11:26:35
4.6,14.52,-92.84,16,"75 km al SUROESTE de TAPACHULA, CHIS",2020-09-19 06:03:01
4.6,14.724,-93.8757,11.5,"128 km al SUROESTE de PIJIJIAPAN, CHIS",2020-02-29 11:54:21
4.6,13.7332,-92.3972,15,"108 km al SUR de CD HIDALGO, CHIS",2020-01-02 01:21:55
4.6,18.2757,-103.459,5,"64 km al SUROESTE de COALCOMAN, MICH",2020-06-24 08:08:34
4.6,15.42,-96.55,16,"37 km al SUR de S PEDRO POCHUTLA, OAX",2020-10-06 06:19:46
4.6,15.6412,-95.0792,19.1,"61 km al SUR de SALINA CRUZ, OAX",2019-10-02 10:07:12
4.6,15.6903,-93.7133,82.4,"44 km al SUR de TONALA, CHIS",2020-01-14 05:42:44
4.6,17.8477,-105.39200000000001,10,"175 km al SUROESTE de MANZANILLO, COL",2020-07-12 15:09:38
4.6,14.8,-94.3962,16.8,"158 km al SUROESTE de TONALA, CHIS",2018-04-27 00:22:35
4.6,15.2453,-94.8087,16.3,"112 km al SURESTE de SALINA CRUZ, OAX",2018-11-06 05:01:01
4.6,16.3142,-98.3103,8.5,"28 km al OESTE de PINOTEPA NACIONAL, OAX",2020-06-19 16:12:08
4.6,14.0102,-92.661,48.3,"92 km al SUROESTE de CD HIDALGO, CHIS",2019-02-02 17:10:22
4.6,15.3008,-95.2563,16.1,"98 km al SUR de SALINA CRUZ, OAX",2018-09-21 03:27:43
4.6,16.0228,-98.6503,15.8,"73 km al SUROESTE de PINOTEPA NACIONAL, OAX",2019-12-02 16:04:36
4.6,14.59,-93.85,18,"140 km al SUROESTE de PIJIJIAPAN, CHIS",2020-10-15 17:51:58
4.6,17.2197,-101.32600000000001,2.9,"36 km al SUR de PETATLAN, GRO",2019-10-23 13:50:20
4.6,15.8842,-95.0557,38.9,"36 km al SURESTE de SALINA CRUZ, OAX",2019-11-27 01:29:49
4.6,13.8222,-93.0077,15,"132 km al SUROESTE de CD HIDALGO, CHIS",2020-04-04 20:58:34
4.6,16.0482,-98.6828,16.3,"75 km al SUROESTE de PINOTEPA NACIONAL, OAX",2018-03-20 18:07:17
4.6,30.3377,-113.89399999999999,15.6,"114 km al SUROESTE de PUERTO PEÑASCO, SON",2018-06-17 04:24:50
4.6,15.4965,-93.256,93.4,"22 km al SUR de PIJIJIAPAN, CHIS",2019-10-24 14:44:59
4.6,22.34,-107.76,9,"170 km al SUROESTE de MAZATLAN, SIN",2020-11-10 16:32:54
4.6,15.7652,-94.9152,24.5,"55 km al SURESTE de SALINA CRUZ, OAX",2018-01-02 09:48:39
4.6,17.1188,-95.0457,132.9,"27 km al NORTE de MATIAS ROMERO, OAX",2020-07-29 02:30:13
4.6,14.7015,-93.552,8,"108 km al SUROESTE de MAPASTEPEC, CHIS",2019-05-19 17:57:16
4.6,14.07,-93.02,16,"115 km al SUROESTE de CD HIDALGO, CHIS",2020-10-01 22:56:15
4.6,15.9235,-98.4923,9.4,"66 km al SUROESTE de PINOTEPA NACIONAL, OAX",2018-10-14 13:51:49
4.6,14.5293,-93.3388,10,"112 km al SUROESTE de MAPASTEPEC, CHIS",2019-11-29 21:37:26
4.6,15.542,-95.0655,16.5,"72 km al SUR de SALINA CRUZ, OAX",2018-01-21 09:00:47
4.6,17.2237,-94.4495,148.8,"74 km al NORESTE de MATIAS ROMERO, OAX",2020-07-28 22:29:48
4.6,16.2825,-98.259,16.1,"23 km al SUROESTE de PINOTEPA NACIONAL, OAX",2018-10-14 01:32:11
4.6,15.74,-96.35,39,"13 km al ESTE de S PEDRO POCHUTLA, OAX",2020-10-03 11:11:04
4.6,17.7238,-101.676,26,"16 km al NOROESTE de ZIHUATANEJO, GRO",2020-08-13 13:43:45
4.6,15.3857,-94.741,16.3,"101 km al SURESTE de SALINA CRUZ, OAX",2018-01-20 18:12:28
4.6,17.6117,-96.8368,76.6,"57 km al NORTE de STA MARIA ATZOMPA, OAX",2019-03-10 06:16:36
4.6,18.58,-106.15,12,"183 km al SUROESTE de CIHUATLAN, JAL",2020-09-03 12:46:30
4.6,14.322000000000001,-93.4478,10,"137 km al SUROESTE de MAPASTEPEC, CHIS",2018-12-13 03:20:51
4.6,14.5285,-92.9558,27,"86 km al SUROESTE de HUIXTLA, CHIS",2020-04-25 06:32:11
4.6,15.502,-94.9843,16.1,"79 km al SURESTE de SALINA CRUZ, OAX",2020-01-20 16:56:05
4.6,15.6332,-94.8055,21.4,"74 km al SURESTE de SALINA CRUZ, OAX",2020-05-28 16:15:43
4.6,18.2028,-106.03299999999999,15.7,"193 km al SUROESTE de CIHUATLAN, JAL",2020-06-20 11:59:47
4.6,16.6185,-94.6563,98.6,"24 km al NORESTE de UNION HIDALGO, OAX",2020-02-06 00:28:14
4.6,15.5982,-92.8855,138.9,"17 km al NORTE de MAPASTEPEC, CHIS",2018-04-13 14:58:01
4.6,16.135,-97.5882,23.7,"21 km al NOROESTE de RIO GRANDE, OAX",2019-09-11 03:41:49
4.6,30.978,-114.305,8,"51 km al ESTE de SAN FELIPE, BC",2018-07-28 02:33:49
4.6,17.335,-96.3792,40,"43 km al NORTE de TLACOLULA, OAX",2018-01-22 06:36:39
4.6,14.3733,-93.4547,21,"133 km al SUROESTE de MAPASTEPEC, CHIS",2018-01-18 14:58:40
4.6,14.7718,-93.7153,16.9,"115 km al SUROESTE de PIJIJIAPAN, CHIS",2019-06-25 10:23:27
4.6,14.66,-93.7972,16.1,"130 km al SUROESTE de PIJIJIAPAN, CHIS",2020-04-28 01:44:34
4.6,17.9122,-95.6593,113.8,"19 km al SUROESTE de ISLA, VER",2018-12-30 14:28:13
4.6,15.5347,-92.15100000000001,192,"14 km al SUR de FRONTERA COMALAPA, CHIS",2019-03-14 10:05:26
4.5,13.8527,-93.3812,10,"161 km al SUROESTE de CD HIDALGO, CHIS",2019-11-20 11:51:00
4.5,17.4623,-101.08,21,"22 km al SURESTE de PETATLAN, GRO",2018-10-02 02:07:43
4.5,15.3257,-94.7572,24.8,"106 km al SURESTE de SALINA CRUZ, OAX",2018-07-18 18:04:14
4.5,16.829,-100.069,3.9,"19 km al OESTE de ACAPULCO, GRO",2020-01-15 10:45:40
4.5,14.7932,-93.8945,17.5,"123 km al SUROESTE de PIJIJIAPAN, CHIS",2018-07-13 16:02:15
4.5,30.618000000000002,-113.995,9.7,"89 km al SUROESTE de PUERTO PEÑASCO, SON",2018-06-27 07:48:56
4.5,16.1458,-98.4095,2.7,"44 km al SUROESTE de PINOTEPA NACIONAL, OAX",2020-01-17 16:31:38
4.5,16.0137,-92.9675,175.4,"40 km al SURESTE de VILLAFLORES, CHIS",2018-07-28 17:36:41
4.5,15.3953,-94.6075,27,"107 km al SURESTE de SALINA CRUZ, OAX",2018-03-11 10:53:21
4.5,15.478,-96.23299999999999,4.9,"34 km al SUROESTE de CRUCECITA, OAX",2020-08-04 19:06:28
4.5,15.8467,-95.1552,28.7,"37 km al SUR de SALINA CRUZ, OAX",2018-07-20 23:33:42
4.5,19.0892,-108.53200000000001,15.4,"384 km al SUROESTE de PUERTO VALLARTA, JAL",2018-02-19 18:16:03
4.5,13.9968,-93.10799999999999,9.4,"128 km al SUROESTE de CD HIDALGO, CHIS",2018-03-26 15:21:41
4.5,16.3643,-100.059,10,"59 km al SUROESTE de ACAPULCO, GRO",2020-08-31 06:15:39
4.5,14.6857,-93.6777,18.9,"119 km al SUROESTE de MAPASTEPEC, CHIS",2020-01-08 04:29:29
4.5,16.2165,-95.1928,56.2,"4 km al NORTE de SALINA CRUZ, OAX",2018-11-26 19:33:01
4.5,32.505,-115.15100000000001,6.7,"25 km al NORTE de GPE VICTORIA(KM.43), BC",2020-01-12 05:21:02
4.5,17.2005,-102.542,8.4,"91 km al SUROESTE de CD LAZARO CARDENAS, MICH",2019-09-07 08:54:54
4.5,15.6173,-94.8102,16.1,"75 km al SURESTE de SALINA CRUZ, OAX",2018-04-01 16:43:53
4.5,31.3193,-114.25,10,"64 km al NORESTE de SAN FELIPE, BC",2018-07-28 02:19:25
4.5,15.095,-94.2727,21.6,"123 km al SUROESTE de TONALA, CHIS",2018-02-20 23:18:28
4.5,13.8185,-93.3478,7.5,"160 km al SUROESTE de CD HIDALGO, CHIS",2020-01-15 00:30:12
4.5,15.8468,-96.7558,12.6,"33 km al NOROESTE de S PEDRO POCHUTLA, OAX",2018-10-01 17:26:50
4.5,31.9628,-116.311,10,"30 km al NORESTE de ENSENADA, BC",2018-07-25 20:17:57
4.5,15.2927,-92.0812,165.2,"20 km al SURESTE de MOTOZINTLA, CHIS",2019-09-12 01:33:31
4.5,14.8585,-92.3172,105.7,"8 km al SUROESTE de TAPACHULA, CHIS",2019-11-29 07:17:32
4.5,15.4937,-94.6985,17.1,"93 km al SURESTE de SALINA CRUZ, OAX",2020-07-10 16:24:34
4.5,15.5233,-93.67399999999999,78.6,"53 km al SUROESTE de PIJIJIAPAN, CHIS",2018-08-19 02:42:57
4.5,27.645,-111.68299999999999,10,"67 km al NORESTE de SANTA ROSALIA, BCS",2018-10-22 14:07:52
4.5,15.640999999999998,-95.3143,10,"61 km al SUR de SALINA CRUZ, OAX",2018-06-24 08:46:44
4.5,29.051,-113.226,10,"146 km al NORESTE de GUERRERO NEGRO, BCS",2020-02-13 08:16:44
4.5,16.8878,-94.6383,115.3,"43 km al ESTE de MATIAS ROMERO, OAX",2018-09-22 17:00:01
4.5,16.2447,-98.8825,16.2,"70 km al SUROESTE de OMETEPEC, GRO",2018-03-02 04:37:37
4.5,15.6995,-98.074,15,"71 km al SUR de PINOTEPA NACIONAL, OAX",2018-09-22 15:51:54
4.5,31.0025,-114.223,10.2,"59 km al ESTE de SAN FELIPE, BC",2018-03-19 23:13:05
4.5,17.1622,-101.42399999999999,7.5,"44 km al SUROESTE de PETATLAN, GRO",2019-10-23 08:25:40
4.5,15.1033,-98.2085,24.1,"130 km al SUROESTE de RIO GRANDE, OAX",2018-07-03 03:48:59
4.5,16.1952,-99.1925,8.8,"70 km al SURESTE de SAN MARCOS, GRO",2018-07-03 02:44:38
4.5,17.1355,-101.365,19,"45 km al SUR de PETATLAN, GRO",2018-04-15 05:54:43
4.5,15.503,-92.0258,207.1,"21 km al SURESTE de FRONTERA COMALAPA, CHIS",2018-03-18 22:30:33
4.5,14.4375,-93.9733,20,"161 km al SUROESTE de PIJIJIAPAN, CHIS",2018-09-20 09:57:42
4.5,15.1462,-94.7157,16.1,"126 km al SURESTE de SALINA CRUZ, OAX",2019-10-26 09:59:38
4.5,19.2455,-95.3157,16.1,"70 km al NORESTE de ALVARADO, VER",2019-12-01 10:02:33
4.5,17.6913,-95.00200000000001,138.7,"22 km al SUR de SAYULA DE ALEMAN, VER",2019-10-28 02:35:25
4.5,15.9438,-94.255,80.6,"50 km al SUROESTE de ARRIAGA , CHIS",2020-02-09 21:33:49
4.5,14.3812,-93.1552,7.6,"112 km al SUROESTE de HUIXTLA, CHIS",2018-10-17 00:34:20
4.5,15.5173,-96.7107,16.4,"36 km al SUROESTE de S PEDRO POCHUTLA, OAX",2020-06-23 21:27:46
4.5,16.3247,-93.1967,182.8,"13 km al NORESTE de VILLAFLORES, CHIS",2018-06-24 15:21:45
4.5,15.6253,-95.8107,16.1,"38 km al SURESTE de CRUCECITA, OAX",2019-11-03 09:51:18
4.5,15.265999999999998,-95.815,10,"65 km al SURESTE de CRUCECITA, OAX",2018-03-06 06:48:10
4.5,15.3537,-94.4565,17.2,"110 km al SUROESTE de TONALA, CHIS",2018-03-06 20:40:09
4.5,15.1215,-93.2092,66.9,"49 km al SUROESTE de MAPASTEPEC, CHIS",2020-08-18 23:07:34
4.5,15.9763,-94.9308,29.6,"36 km al SURESTE de SALINA CRUZ, OAX",2018-10-24 17:12:06
4.5,15.2588,-94.6988,28.7,"115 km al SURESTE de SALINA CRUZ, OAX",2019-12-07 01:40:49
4.5,16.175,-98.3455,27.1,"36 km al SUROESTE de PINOTEPA NACIONAL, OAX",2018-08-24 23:57:39
4.5,15.8178,-95.991,40.4,"16 km al NORESTE de CRUCECITA, OAX",2020-01-02 13:28:33
4.5,16.8773,-100.086,5,"14 km al SUR de COYUCA DE BENITEZ, GRO",2020-01-30 09:00:18
4.5,16.3795,-94.2517,102.9,"41 km al NOROESTE de ARRIAGA , CHIS",2018-11-10 21:22:08
4.5,17.2473,-94.1877,173.7,"74 km al SUR de LAS CHOAPAS, VER",2018-11-07 21:34:40
4.5,17.6117,-101.351,25.1,"12 km al NOROESTE de PETATLAN, GRO",2020-07-12 03:33:19
4.5,16.3332,-94.9263,56.6,"15 km al SURESTE de JUCHITAN DE ZARAGOZA, OAX",2018-03-25 11:17:39
4.5,17.124000000000002,-94.9723,114.1,"29 km al NORTE de MATIAS ROMERO, OAX",2019-09-29 10:45:46
4.5,17.0288,-100.04,10,"6 km al NORESTE de COYUCA DE BENITEZ, GRO",2020-01-31 01:09:02
4.5,15.9713,-98.4072,23.3,"56 km al SUROESTE de PINOTEPA NACIONAL, OAX",2019-10-01 11:26:56
4.5,17.1582,-100.552,24.4,"11 km al SURESTE de TECPAN, GRO",2019-11-14 08:34:02
4.5,16.4542,-95.1827,29.4,"15 km al NORESTE de S BLAS ATEMPA, OAX",2018-08-25 23:39:58
4.5,25.0475,-101.059,10,"43 km al SUR de SALTILLO, COAH",2020-07-21 19:09:27
4.5,17.8582,-105.946,10,"211 km al SUROESTE de CIHUATLAN, JAL",2020-08-01 10:09:48
4.5,15.3995,-94.6347,17.8,"105 km al SURESTE de SALINA CRUZ, OAX",2018-08-29 15:55:29
4.5,15.5603,-96.5335,21,"22 km al SUROESTE de S PEDRO POCHUTLA, OAX",2020-06-24 03:27:00
4.5,15.5535,-96.8395,9.6,"42 km al SURESTE de PUERTO ESCONDIDO, OAX",2019-11-24 02:58:41
4.5,15.442,-93.1892,92.2,"27 km al SUR de PIJIJIAPAN, CHIS",2018-02-27 21:01:51
4.5,15.7087,-93.965,63.5,"47 km al SUROESTE de TONALA, CHIS",2018-09-06 08:11:59
4.5,15.6377,-96.0705,13.1,"16 km al SURESTE de CRUCECITA, OAX",2018-09-06 09:03:46
4.5,16.9448,-95.2033,106.2,"19 km al NOROESTE de MATIAS ROMERO, OAX",2019-12-09 00:22:18
4.5,15.3645,-96.5432,23.5,"43 km al SUR de S PEDRO POCHUTLA, OAX",2020-06-23 17:52:19
4.5,15.936,-95.1545,50.4,"28 km al SUR de SALINA CRUZ, OAX",2018-03-20 22:56:06
4.5,15.187000000000001,-104.711,10,"404 km al SUROESTE de LA MIRA, MICH",2018-07-10 05:55:12
4.5,15.3313,-96.1862,11,"49 km al SUR de CRUCECITA, OAX",2020-07-01 14:31:47
4.5,16.8287,-100.175,13.3,"22 km al SUROESTE de COYUCA DE BENITEZ, GRO",2018-12-30 10:08:24
4.5,15.9448,-98.708,16.3,"83 km al SUROESTE de PINOTEPA NACIONAL, OAX",2019-04-22 18:00:02
4.5,15.9038,-93.2883,119.3,"25 km al NOROESTE de PIJIJIAPAN, CHIS",2019-07-08 19:42:44
4.5,18.0155,-101.365,58,"46 km al NORESTE de ZIHUATANEJO, GRO",2019-04-24 16:18:43
4.5,15.0262,-94.383,24.8,"135 km al SUROESTE de TONALA, CHIS",2020-06-07 09:05:50
4.5,15.7243,-95.3998,20.5,"55 km al SUROESTE de SALINA CRUZ, OAX",2018-12-18 08:46:31
4.5,15.9748,-97.5788,5.3,"16 km al OESTE de RIO GRANDE, OAX",2020-04-02 19:15:35
4.5,30.195,-114.29700000000001,14.5,"106 km al SURESTE de SAN FELIPE, BC",2019-02-25 18:27:11
4.5,14.2922,-93.3207,15.3,"131 km al SUROESTE de HUIXTLA, CHIS",2019-06-14 18:27:52
4.5,16.916,-100.117,13.3,"11 km al SUROESTE de COYUCA DE BENITEZ, GRO",2018-05-13 03:23:30
4.5,15.64,-96.05,11.9,"17 km al SURESTE de CRUCECITA, OAX",2019-03-21 12:28:28
4.5,14.2022,-92.3318,70,"56 km al SUROESTE de CD HIDALGO, CHIS",2020-06-15 06:57:26
4.5,14.3862,-92.4742,61.9,"48 km al SUROESTE de CD HIDALGO, CHIS",2019-03-04 06:47:56
4.5,17.6048,-97.9863,63.6,"31 km al SUROESTE de H HUAJUAPAN DE LEON, OAX",2018-05-30 14:53:26
4.5,16.6015,-94.5963,103.7,"29 km al NORESTE de UNION HIDALGO, OAX",2018-12-27 09:00:44
4.5,17.2618,-100.704,26.1,"9 km al NOROESTE de TECPAN, GRO",2018-12-27 15:37:13
4.5,17.0082,-95.8478,14.4,"67 km al ESTE de TLACOLULA, OAX",2019-03-03 18:11:37
4.5,14.2872,-93.3335,15.4,"133 km al SUROESTE de HUIXTLA, CHIS",2019-06-14 16:58:54
4.5,15.0695,-94.4603,16,"135 km al SUROESTE de TONALA, CHIS",2018-12-13 07:13:56
4.5,16.0142,-97.6653,16,"25 km al OESTE de RIO GRANDE, OAX",2018-05-26 11:13:48
4.5,14.9487,-94.4425,18.9,"146 km al SUROESTE de TONALA, CHIS",2018-12-27 19:37:15
4.5,17.391,-101.45200000000001,7,"25 km al SUROESTE de PETATLAN, GRO",2020-04-24 08:21:54
4.5,15.3962,-94.7677,27.1,"98 km al SURESTE de SALINA CRUZ, OAX",2019-01-02 03:49:07
4.5,15.46,-104.16,10,"345 km al SUROESTE de LA MIRA, MICH",2020-11-07 05:43:21
4.5,17.029,-94.8902,128.9,"24 km al NORESTE de MATIAS ROMERO, OAX",2019-02-04 15:23:17
4.5,14.504000000000001,-92.6025,61.9,"52 km al SUROESTE de CD HIDALGO, CHIS",2019-02-03 06:53:05
4.5,15.5608,-94.8505,16.1,"78 km al SURESTE de SALINA CRUZ, OAX",2019-01-31 17:20:56
4.5,29.4513,-104.09,3,"34 km al SURESTE de MANUEL OJINAGA, CHIH",2019-06-18 01:48:20
4.5,16.6738,-93.7867,156.5,"7 km al SUROESTE de CINTALAPA, CHIS",2020-05-29 04:28:46
4.5,14.37,-94.094,16.1,"174 km al SUROESTE de PIJIJIAPAN, CHIS",2019-06-29 20:05:06
4.5,18.1258,-104.837,14.5,"116 km al SUROESTE de MANZANILLO, COL",2018-12-24 04:04:31
4.5,14.3298,-93.2112,16.5,"120 km al SUROESTE de HUIXTLA, CHIS",2020-05-24 02:34:58
4.5,18.6305,-105.619,15.7,"130 km al SUROESTE de CIHUATLAN, JAL",2018-05-09 02:10:16
4.5,14.5185,-92.5575,71.4,"47 km al SUROESTE de CD HIDALGO, CHIS",2019-02-01 16:59:28
4.5,15.48,-95.1037,17.9,"78 km al SUR de SALINA CRUZ, OAX",2020-05-28 13:06:31
4.5,14.5435,-92.9443,27.2,"84 km al SUROESTE de HUIXTLA, CHIS",2020-04-25 07:11:18
4.5,14.46,-92.79,9,"72 km al SUROESTE de CD HIDALGO, CHIS",2020-10-03 02:18:50
4.5,15.3652,-94.8035,24.8,"100 km al SURESTE de SALINA CRUZ, OAX",2018-01-04 16:09:47
4.5,17.6,-100.61,9,"42 km al NORTE de TECPAN, GRO",2020-10-04 03:36:19
4.5,15.7247,-96.2242,16.4,"11 km al SUROESTE de CRUCECITA, OAX",2020-04-01 12:39:57
4.5,18.8382,-104.876,16.7,"55 km al SUROESTE de CIHUATLAN, JAL",2018-02-09 13:56:28
4.5,15.3492,-94.7273,19.3,"105 km al SURESTE de SALINA CRUZ, OAX",2018-12-25 20:24:36
4.5,14.3327,-92.32799999999999,47.3,"43 km al SUROESTE de CD HIDALGO, CHIS",2018-04-28 08:12:51
4.5,15.8873,-94.1045,88,"43 km al SUROESTE de TONALA, CHIS",2019-02-24 08:48:08
4.5,15.3413,-94.7358,18.1,"105 km al SURESTE de SALINA CRUZ, OAX",2019-02-03 06:06:59
4.5,16.7975,-100.913,16.3,"56 km al SUROESTE de TECPAN, GRO",2019-06-08 08:10:58
4.5,13.8887,-92.3577,3.9,"90 km al SUR de CD HIDALGO, CHIS",2018-02-08 12:04:53
4.5,16.16,-98.8948,16.6,"78 km al SUROESTE de OMETEPEC, GRO",2019-04-21 13:08:23
4.5,15.412,-94.9403,16.2,"89 km al SURESTE de SALINA CRUZ, OAX",2020-05-21 05:59:15
4.5,15.0247,-93.7708,105.9,"95 km al SUROESTE de PIJIJIAPAN, CHIS",2019-04-07 13:17:49
4.5,17.3677,-95.0223,134,"55 km al NORTE de MATIAS ROMERO, OAX",2020-05-24 10:32:30
4.5,15.36,-96.2,20,"46 km al SUR de CRUCECITA, OAX",2020-09-09 09:16:38
4.5,14.3288,-92.9177,15.4,"91 km al SUROESTE de CD HIDALGO, CHIS",2018-06-13 18:17:11
4.5,14.3448,-92.72,39.6,"72 km al SUROESTE de CD HIDALGO, CHIS",2019-01-10 09:20:26
4.5,15.3838,-94.12299999999999,53.7,"87 km al SUROESTE de TONALA, CHIS",2020-04-08 03:32:38
4.5,14.0235,-93.28,9,"142 km al SUROESTE de CD HIDALGO, CHIS",2019-04-14 02:53:10
4.5,15.1065,-94.4547,16.8,"132 km al SUROESTE de TONALA, CHIS",2020-06-01 19:28:14
4.5,16.5002,-99.3477,5.6,"33 km al SUR de SAN MARCOS, GRO",2018-12-05 03:04:29
4.5,14.0852,-92.7258,6.1,"90 km al SUROESTE de CD HIDALGO, CHIS",2020-04-11 18:00:06
4.5,17.2312,-101.522,10,"43 km al SUROESTE de PETATLAN, GRO",2018-05-07 06:28:22
4.5,13.5112,-92.3177,2,"130 km al SUR de CD HIDALGO, CHIS",2020-04-08 20:04:48
4.5,30.7497,-114.166,10,"71 km al SURESTE de SAN FELIPE, BC",2019-04-05 21:31:15
4.5,15.8277,-94.9363,35.3,"48 km al SURESTE de SALINA CRUZ, OAX",2018-02-04 11:36:13
4.5,19.3018,-108.23700000000001,10,"346 km al SUROESTE de PUERTO VALLARTA, JAL",2020-04-09 14:03:10
4.5,17.5938,-92.385,23.6,"29 km al SURESTE de MACUSPANA, TAB",2019-02-15 23:04:07
4.5,14.4628,-93.8452,16.5,"149 km al SUROESTE de MAPASTEPEC, CHIS",2019-02-27 09:51:57
4.5,14.58,-93.89,10,"142 km al SUROESTE de PIJIJIAPAN, CHIS",2020-10-12 21:06:39
4.5,14.3797,-94.5538,15,"204 km al SUROESTE de PIJIJIAPAN, CHIS",2018-06-13 09:28:44
4.5,17.0892,-101.52600000000001,14.8,"56 km al SUROESTE de PETATLAN, GRO",2018-01-10 23:44:57
4.5,16.9913,-95.7913,17.3,"73 km al ESTE de TLACOLULA, OAX",2020-04-22 00:50:10
4.5,15.3062,-92.803,109,"18 km al SURESTE de MAPASTEPEC, CHIS",2020-06-19 04:28:25
4.5,17.1792,-101.53399999999999,13.1,"48 km al SUROESTE de PETATLAN, GRO",2020-04-07 07:54:52
4.5,15.52,-96.39,17,"27 km al SURESTE de S PEDRO POCHUTLA, OAX",2020-10-25 07:58:54
4.5,30.5455,-114.49600000000001,6,"63 km al SURESTE de SAN FELIPE, BC",2019-04-04 22:43:33
4.5,16.59,-94.88,105,"14 km al NOROESTE de UNION HIDALGO, OAX",2020-09-14 06:29:01
4.5,16.4332,-95.0783,68.2,"6 km al OESTE de JUCHITAN DE ZARAGOZA, OAX",2018-05-06 09:00:38
4.5,15.8813,-95.17200000000001,27.9,"33 km al SUR de SALINA CRUZ, OAX",2018-06-12 00:09:48
4.5,30.1653,-114.244,16.5,"111 km al SURESTE de SAN FELIPE, BC",2018-01-21 17:04:13
4.5,15.1485,-94.62899999999999,24.4,"129 km al SURESTE de SALINA CRUZ, OAX",2019-06-08 08:25:45
4.5,25.6673,-110.02600000000001,3.2,"90 km al SUROESTE de AHOME, SIN",2019-08-16 04:44:52
4.5,15.7797,-96.7588,3.5,"32 km al OESTE de S PEDRO POCHUTLA, OAX",2020-03-11 16:49:23
4.5,25.6915,-110.01799999999999,14.6,"89 km al SUROESTE de AHOME, SIN",2018-06-12 18:19:36
4.5,14.5328,-92.7197,37.3,"63 km al OESTE de CD HIDALGO, CHIS",2019-09-03 09:23:03
4.5,14.3607,-93.8797,10.6,"160 km al SUROESTE de MAPASTEPEC, CHIS",2019-03-06 09:17:15
4.5,14.765999999999998,-92.0668,118.6,"13 km al NORESTE de CD HIDALGO, CHIS",2018-05-21 01:38:26
4.5,15.4195,-94.9777,16.1,"88 km al SURESTE de SALINA CRUZ, OAX",2018-05-12 12:40:58
4.5,16.6953,-94.9365,28.6,"23 km al SURESTE de MATIAS ROMERO, OAX",2019-08-16 21:30:21
4.5,15.3368,-94.7212,12.4,"106 km al SURESTE de SALINA CRUZ, OAX",2018-04-30 23:12:29
4.4,15.1542,-94.56700000000001,16.4,"132 km al SURESTE de SALINA CRUZ, OAX",2018-08-10 03:44:50
4.4,15.333,-94.6082,18.5,"113 km al SURESTE de SALINA CRUZ, OAX",2020-05-12 21:26:12
4.4,18.2093,-106.06700000000001,10,"195 km al SUROESTE de CIHUATLAN, JAL",2019-11-27 11:47:50
4.4,17.6827,-101.479,41.4,"9 km al NORESTE de ZIHUATANEJO, GRO",2018-03-17 05:35:26
4.4,13.9693,-92.204,10,"79 km al SUR de CD HIDALGO, CHIS",2018-05-28 11:16:33
4.4,21.419,-95.0705,15,"235 km al NORESTE de GUTIERREZ ZAMORA, VER",2018-06-30 06:14:44
4.4,18.4363,-100.322,51,"14 km al NOROESTE de ARCELIA, GRO",2019-11-27 13:14:35
4.4,17.798,-95.3913,116.1,"21 km al SUR de J RODRIGUEZ CLARA, VER",2018-03-17 07:39:19
4.4,16.0903,-99.2253,16.1,"80 km al SUR de SAN MARCOS, GRO",2018-05-08 17:34:22
4.4,15.3722,-92.1145,187.7,"14 km al ESTE de MOTOZINTLA, CHIS",2020-04-22 21:15:48
4.4,16.4717,-95.1103,3.8,"10 km al SUR de CD IXTEPEC, OAX",2020-01-28 12:56:38
4.4,26.293000000000003,-103.35,5,"58 km al NORTE de FCO I. MADERO, COAH",2019-01-24 10:01:31
4.4,15.7418,-95.1422,18,"49 km al SUR de SALINA CRUZ, OAX",2018-06-15 22:36:42
4.4,16.3923,-98.04799999999999,19.8,"6 km al NORTE de PINOTEPA NACIONAL, OAX",2018-03-16 14:00:17
4.4,14.9058,-92.6545,79,"33 km al SUROESTE de HUIXTLA, CHIS",2019-01-16 07:30:37
4.4,15.8302,-98.1773,16.9,"58 km al SUR de PINOTEPA NACIONAL, OAX",2020-06-03 14:32:25
4.4,15.4728,-96.5785,14.8,"32 km al SUROESTE de S PEDRO POCHUTLA, OAX",2020-06-24 03:44:37
4.4,16.7495,-99.9678,15.9,"15 km al SUROESTE de ACAPULCO, GRO",2019-06-09 15:53:51
4.4,26.7795,-111.053,10,"90 km al NORESTE de LORETO, BCS",2018-01-26 19:54:19
4.4,17.2768,-96.3022,5.2,"40 km al NORESTE de TLACOLULA, OAX",2018-03-12 23:48:12
4.4,18.9928,-95.6097,16.6,"29 km al NORESTE de ALVARADO, VER",2020-04-13 06:00:47
4.4,13.8712,-93.3048,16.1,"153 km al SUROESTE de CD HIDALGO, CHIS",2018-05-01 21:11:25
4.4,17.45,-94.899,131.6,"48 km al SUR de SAYULA DE ALEMAN, VER",2019-03-25 12:01:33
4.4,16.6052,-100.67399999999999,15.8,"68 km al SUR de TECPAN, GRO",2019-06-07 17:40:11
4.4,13.8277,-92.9585,13,"128 km al SUROESTE de CD HIDALGO, CHIS",2018-04-11 23:25:40
4.4,14.2028,-93.0732,20.1,"112 km al SUROESTE de CD HIDALGO, CHIS",2020-07-07 01:34:14
4.4,14.390999999999998,-93.3325,10,"125 km al SUROESTE de HUIXTLA, CHIS",2018-03-28 15:36:40
4.4,16.0937,-93.7907,104.7,"4 km al OESTE de TONALA, CHIS",2018-01-06 08:22:02
4.4,16.0208,-92.9912,174.4,"38 km al SURESTE de VILLAFLORES, CHIS",2018-08-06 20:15:46
4.4,19.0375,-104.32600000000001,10,"2 km al SUROESTE de MANZANILLO, COL",2019-11-27 01:23:26
4.4,18.9073,-104.083,5,"13 km al OESTE de CD DE ARMERIA, COL",2019-01-18 00:22:37
4.4,15.8973,-95.1532,46.4,"32 km al SUR de SALINA CRUZ, OAX",2020-04-19 07:12:08
4.4,14.41,-93.81,6,"151 km al SUROESTE de MAPASTEPEC, CHIS",2020-10-13 00:31:16
4.4,15.439,-94.84,21.3,"91 km al SURESTE de SALINA CRUZ, OAX",2020-07-31 23:22:36
4.4,13.9315,-92.4045,12,"87 km al SUROESTE de CD HIDALGO, CHIS",2020-01-28 08:04:18
4.4,16.38,-96.1,62,"53 km al ESTE de MIAHUATLAN, OAX",2020-10-10 16:47:40
4.4,15.4458,-94.8065,22.7,"91 km al SURESTE de SALINA CRUZ, OAX",2018-01-23 07:35:09
4.4,17.2873,-95.36399999999999,117.9,"57 km al NOROESTE de MATIAS ROMERO, OAX",2019-05-26 11:57:01
4.4,16.5405,-95.0368,65.1,"7 km al SURESTE de CD IXTEPEC, OAX",2020-04-19 08:22:37
4.4,16.4155,-98.9132,4.2,"62 km al SUROESTE de OMETEPEC, GRO",2019-11-26 15:58:26
4.4,15.1498,-94.6085,16.1,"130 km al SURESTE de SALINA CRUZ, OAX",2019-05-25 12:59:19
4.4,16.7865,-94.3062,122.5,"63 km al OESTE de CINTALAPA, CHIS",2018-05-15 08:08:24
4.4,14.0817,-92.3777,12.1,"70 km al SUROESTE de CD HIDALGO, CHIS",2019-03-26 13:38:07
4.4,15.1218,-94.6653,24,"130 km al SURESTE de SALINA CRUZ, OAX",2018-01-23 20:52:59
4.4,15.0045,-94.0828,26.4,"120 km al SUROESTE de PIJIJIAPAN, CHIS",2019-05-12 23:25:46
4.4,15.6205,-96.1313,11.7,"16 km al SUR de CRUCECITA, OAX",2020-06-24 18:01:06
4.4,16.4878,-98.6465,11.5,"34 km al SUROESTE de OMETEPEC, GRO",2020-02-02 23:52:59
4.4,14.5272,-93.9102,34.1,"149 km al SUROESTE de PIJIJIAPAN, CHIS",2020-05-24 09:55:44
4.4,15.007,-94.3012,17,"133 km al SUROESTE de TONALA, CHIS",2018-01-12 06:45:34
4.4,15.7637,-95.5252,15,"58 km al SUROESTE de SALINA CRUZ, OAX",2020-07-16 03:34:48
4.4,19.1463,-104.26700000000001,25,"12 km al NORESTE de MANZANILLO, COL",2019-12-21 12:06:33
4.4,15.3122,-94.7728,25.2,"106 km al SURESTE de SALINA CRUZ, OAX",2018-03-22 16:16:22
4.4,14.6167,-92.5017,81.4,"38 km al OESTE de CD HIDALGO, CHIS",2020-07-16 11:52:22
4.4,13.66,-92.2283,10.9,"113 km al SUR de CD HIDALGO, CHIS",2020-02-03 03:32:04
4.4,17.0843,-98.6883,43.5,"52 km al SUR de TLAPA, GRO",2018-05-21 02:33:33
4.4,15.547,-94.9862,17.1,"74 km al SURESTE de SALINA CRUZ, OAX",2018-07-06 04:45:47
4.4,17.0223,-95.2837,111.2,"31 km al NOROESTE de MATIAS ROMERO, OAX",2020-05-02 22:02:08
4.4,14.1493,-92.23899999999999,96.5,"59 km al SUR de CD HIDALGO, CHIS",2018-07-06 02:17:05
4.4,18.007,-99.2803,51.1,"33 km al SUR de CD DE HUITZUCO, GRO",2019-12-16 14:07:15
4.4,15.8692,-98.7355,16.2,"90 km al SUROESTE de PINOTEPA NACIONAL, OAX",2018-07-05 09:47:35
4.4,17.2073,-100.916,5,"30 km al OESTE de TECPAN, GRO",2018-01-13 20:08:45
4.4,17.0758,-94.6917,131.3,"44 km al NORESTE de MATIAS ROMERO, OAX",2018-08-28 17:01:27
4.4,14.6882,-94.3883,20.4,"168 km al SUROESTE de PIJIJIAPAN, CHIS",2019-02-10 01:26:33
4.4,19.4807,-104.323,29.8,"18 km al SURESTE de CASIMIRO CASTILLO, JAL",2018-01-20 08:40:13
4.4,15.4892,-94.7213,29.8,"92 km al SURESTE de SALINA CRUZ, OAX",2019-02-22 00:31:28
4.4,18.2172,-100.46700000000001,54.3,"22 km al SUROESTE de ARCELIA, GRO",2020-01-03 13:55:01
4.4,16.2965,-95.3267,11.7,"10 km al SUROESTE de TEHUANTEPEC, OAX",2018-08-20 03:46:15
4.4,13.8147,-92.4423,10,"101 km al SUROESTE de CD HIDALGO, CHIS",2020-01-02 07:13:56
4.4,15.8597,-95.1335,50,"36 km al SUR de SALINA CRUZ, OAX",2018-01-09 16:49:10
4.4,16.8348,-100.087,9.5,"19 km al SUR de COYUCA DE BENITEZ, GRO",2020-01-30 07:01:56
4.4,14.9222,-94.29,14,"141 km al SUROESTE de TONALA, CHIS",2018-05-19 08:43:21
4.4,14.3982,-92.0192,78,"34 km al SURESTE de CD HIDALGO, CHIS",2019-02-22 15:57:16
4.4,15.0872,-104.652,10,"409 km al SUROESTE de LA MIRA, MICH",2018-07-10 04:28:33
4.4,15.0302,-94.1835,13.5,"125 km al SUROESTE de TONALA, CHIS",2020-02-01 16:04:50
4.4,14.5785,-92.6102,67.4,"51 km al OESTE de CD HIDALGO, CHIS",2019-02-12 10:41:03
4.4,16.2213,-98.0738,11,"14 km al SUR de PINOTEPA NACIONAL, OAX",2020-05-09 08:57:02
4.4,16.7175,-95.0382,109.9,"17 km al SUR de MATIAS ROMERO, OAX",2018-07-10 07:08:39
4.4,15.5395,-94.883,21.4,"79 km al SURESTE de SALINA CRUZ, OAX",2019-02-10 17:33:25
4.4,14.6688,-92.4847,74,"36 km al SUROESTE de TAPACHULA, CHIS",2019-04-19 11:43:11
4.4,14.6732,-92.6065,67.9,"45 km al SUROESTE de TAPACHULA, CHIS",2019-12-14 07:08:46
4.4,17.1227,-94.0472,165.6,"59 km al NOROESTE de CINTALAPA, CHIS",2018-05-22 03:01:42
4.4,15.1883,-94.564,18.9,"129 km al SURESTE de SALINA CRUZ, OAX",2018-05-05 09:43:11
4.4,15.868,-93.9532,88.7,"32 km al SUROESTE de TONALA, CHIS",2019-12-01 21:17:01
4.4,14.1127,-92.03399999999999,57.9,"64 km al SUR de CD HIDALGO, CHIS",2018-05-27 04:36:14
4.4,15.1692,-94.5738,24.6,"130 km al SURESTE de SALINA CRUZ, OAX",2019-02-25 09:49:29
4.4,14.9385,-94.281,13.3,"139 km al SUROESTE de TONALA, CHIS",2019-05-13 01:49:41
4.4,15.7627,-95.8098,43.3,"35 km al ESTE de CRUCECITA, OAX",2018-05-04 07:06:58
4.4,13.947000000000001,-92.9443,10,"118 km al SUROESTE de CD HIDALGO, CHIS",2019-05-13 19:03:42
4.4,14.9558,-93.2008,47.3,"63 km al SUROESTE de MAPASTEPEC, CHIS",2019-05-14 06:19:11
4.4,13.66,-92.37,15,"115 km al SUR de CD HIDALGO, CHIS",2020-10-14 06:56:12
4.4,15.9102,-95.0388,15.5,"34 km al SURESTE de SALINA CRUZ, OAX",2019-12-12 04:02:51
4.4,16.0245,-96.5172,53.2,"31 km al NORTE de S PEDRO POCHUTLA, OAX",2018-09-15 04:17:47
4.4,15.780999999999999,-95.0322,23.6,"48 km al SURESTE de SALINA CRUZ, OAX",2018-03-18 02:31:11
4.4,16.0053,-98.8022,16,"86 km al SUROESTE de OMETEPEC, GRO",2018-09-15 05:08:09
4.4,15.455,-94.7815,16.8,"92 km al SURESTE de SALINA CRUZ, OAX",2018-05-27 13:33:49
4.4,15.4713,-94.9952,19.5,"82 km al SURESTE de SALINA CRUZ, OAX",2020-01-13 07:07:02
4.4,26.7888,-111.06200000000001,9.5,"90 km al NORESTE de LORETO, BCS",2018-06-30 12:06:13
4.4,15.377,-96.5752,16,"42 km al SUROESTE de S PEDRO POCHUTLA, OAX",2020-07-08 07:50:58
4.4,13.8113,-92.70700000000001,16,"113 km al SUROESTE de CD HIDALGO, CHIS",2019-12-03 16:11:02
4.4,13.1035,-92.1622,41.9,"174 km al SUR de CD HIDALGO, CHIS",2019-01-29 06:48:48
4.4,15.7917,-96.7333,56.4,"29 km al OESTE de S PEDRO POCHUTLA, OAX",2018-10-01 15:47:07
4.4,15.9923,-95.0438,59,"27 km al SURESTE de SALINA CRUZ, OAX",2019-03-30 03:28:24
4.4,18.1597,-100.62899999999999,50.5,"23 km al SUR de CD ALTAMIRANO, GRO",2018-05-26 09:52:27
4.4,15.2518,-94.675,18.2,"117 km al SURESTE de SALINA CRUZ, OAX",2018-01-17 23:02:18
4.4,15.065,-94.2303,23,"124 km al SUROESTE de TONALA, CHIS",2020-07-24 03:31:59
4.4,15.8467,-97.9368,12.3,"56 km al SUR de PINOTEPA NACIONAL, OAX",2019-05-09 19:30:00
4.4,17.0285,-92.6927,12.2,"33 km al NORTE de S CRISTOBAL LAS CASAS, CHIS",2019-02-01 14:03:27
4.4,15.2115,-94.5682,24.6,"127 km al SURESTE de SALINA CRUZ, OAX",2018-05-08 07:56:02
4.4,16.609,-94.686,10.5,"21 km al NORESTE de UNION HIDALGO, OAX",2020-05-24 07:41:24
4.4,30.3985,-114.13,6.6,"97 km al SURESTE de SAN FELIPE, BC",2019-04-02 10:04:59
4.4,14.5658,-92.6567,75.7,"56 km al OESTE de CD HIDALGO, CHIS",2019-02-02 09:14:29
4.4,15.110999999999999,-94.2983,20.3,"123 km al SUROESTE de TONALA, CHIS",2020-01-08 14:07:01
4.4,15.7622,-96.7702,18.9,"33 km al OESTE de S PEDRO POCHUTLA, OAX",2018-07-04 23:59:19
4.4,15.8018,-92.8408,165.8,"40 km al NORTE de MAPASTEPEC, CHIS",2020-07-18 14:54:42
4.4,16.2057,-98.271,36,"28 km al SUROESTE de PINOTEPA NACIONAL, OAX",2018-10-01 04:53:04
4.4,16.4805,-95.036,51.6,"6 km al NOROESTE de JUCHITAN DE ZARAGOZA, OAX",2018-06-03 06:59:18
4.4,15.945,-98.3953,13,"57 km al SUROESTE de PINOTEPA NACIONAL, OAX",2018-06-01 13:52:44
4.4,14.644,-92.6133,73.1,"48 km al SUROESTE de TAPACHULA, CHIS",2018-02-10 01:31:38
4.4,16.2097,-98.06299999999999,4.2,"15 km al SUR de PINOTEPA NACIONAL, OAX",2018-06-20 04:57:09
4.4,16.3387,-95.3587,67.8,"13 km al OESTE de TEHUANTEPEC, OAX",2018-02-25 09:53:09
4.4,15.077,-94.5553,10.7,"140 km al SURESTE de SALINA CRUZ, OAX",2018-05-09 12:56:56
4.4,15.5403,-94.8215,16.3,"82 km al SURESTE de SALINA CRUZ, OAX",2018-02-25 09:26:39
4.4,16.598,-100.42399999999999,2.5,"58 km al SUROESTE de COYUCA DE BENITEZ, GRO",2018-11-05 12:37:42
4.4,15.4327,-94.5997,18.1,"105 km al SURESTE de SALINA CRUZ, OAX",2020-06-13 19:30:21
4.4,14.5577,-92.1125,84.7,"14 km al SURESTE de CD HIDALGO, CHIS",2019-07-11 11:28:11
4.4,16.71,-95.0,10,"18 km al SUR de MATIAS ROMERO, OAX",2020-09-19 15:07:05
4.4,15.9588,-95.8243,56.7,"39 km al NORESTE de CRUCECITA, OAX",2018-12-18 02:12:25
4.4,16.0555,-95.0818,68.8,"19 km al SURESTE de SALINA CRUZ, OAX",2018-02-24 15:11:47
4.4,15.6292,-95.0633,19.2,"63 km al SUR de SALINA CRUZ, OAX",2019-09-30 21:31:34
4.4,16.51,-95.1178,76,"6 km al SUROESTE de CD IXTEPEC, OAX",2018-06-20 02:16:37
4.4,15.4683,-93.0492,109.7,"17 km al OESTE de MAPASTEPEC, CHIS",2018-11-07 12:32:43
4.4,14.7567,-94.0173,13.9,"135 km al SUROESTE de PIJIJIAPAN, CHIS",2019-09-28 04:14:59
4.4,15.14,-92.5167,100.6,"5 km al OESTE de HUIXTLA, CHIS",2020-03-23 22:32:44
4.4,15.075999999999999,-94.3622,36,"129 km al SUROESTE de TONALA, CHIS",2018-02-25 10:51:53
4.4,17.124000000000002,-94.6805,131.6,"47 km al NORESTE de MATIAS ROMERO, OAX",2020-05-17 11:05:31
4.4,16.5352,-99.0562,8.4,"46 km al SURESTE de SAN MARCOS, GRO",2020-06-11 11:41:10
4.4,16.8338,-100.229,5,"24 km al SUROESTE de COYUCA DE BENITEZ, GRO",2020-01-20 04:33:22
4.4,16.915,-93.8815,167,"30 km al NOROESTE de CINTALAPA, CHIS",2019-06-13 02:08:04
4.4,15.5068,-94.7565,17.4,"88 km al SURESTE de SALINA CRUZ, OAX",2018-02-27 21:41:07
4.4,19.32,-108.53399999999999,10,"374 km al SUROESTE de PUERTO VALLARTA, JAL",2018-12-25 06:54:46
4.4,15.9813,-95.1838,25.9,"22 km al SUR de SALINA CRUZ, OAX",2020-02-26 08:33:27
4.4,16.0077,-95.2142,9.5,"19 km al SUR de SALINA CRUZ, OAX",2020-02-26 23:50:29
4.4,16.92,-99.5,25,"18 km al NOROESTE de SAN MARCOS, GRO",2020-11-08 05:54:48
4.4,17.1153,-100.196,36,"17 km al NOROESTE de COYUCA DE BENITEZ, GRO",2020-07-03 02:33:45
4.4,16.5163,-95.0858,5.1,"5 km al SURESTE de CD IXTEPEC, OAX",2020-01-19 15:04:21
4.4,15.41,-95.77,10,"56 km al SURESTE de CRUCECITA, OAX",2020-09-24 08:46:50
4.4,16.1902,-97.5265,27.7,"22 km al NOROESTE de RIO GRANDE, OAX",2018-02-26 19:18:56
4.4,15.757,-95.8315,47.9,"33 km al ESTE de CRUCECITA, OAX",2018-02-26 08:56:03
4.4,14.7763,-92.2028,100.8,"12 km al NOROESTE de CD HIDALGO, CHIS",2020-04-01 18:40:45
4.4,16.5513,-94.6715,7.2,"19 km al NORESTE de UNION HIDALGO, OAX",2020-05-15 08:18:32
4.4,14.6552,-92.6167,73.7,"47 km al SUROESTE de TAPACHULA, CHIS",2019-03-19 04:26:08
4.4,16.3028,-93.0548,30.1,"24 km al NORESTE de VILLAFLORES, CHIS",2020-02-29 05:46:47
4.4,15.1008,-94.5758,16.2,"137 km al SURESTE de SALINA CRUZ, OAX",2018-01-03 02:29:03
4.4,15.07,-94.46,20,"135 km al SUROESTE de TONALA, CHIS",2020-09-17 08:17:20
4.4,15.8715,-94.5388,50.5,"74 km al SURESTE de UNION HIDALGO, OAX",2018-12-16 20:53:39
4.4,14.2685,-94.2732,16.1,"194 km al SUROESTE de PIJIJIAPAN, CHIS",2020-01-21 23:49:22
4.4,14.7212,-93.78299999999999,12.6,"123 km al SUROESTE de PIJIJIAPAN, CHIS",2020-05-23 05:24:42
4.4,15.8828,-98.2923,9.6,"57 km al SUROESTE de PINOTEPA NACIONAL, OAX",2018-11-22 20:45:21
4.4,16.2633,-94.1825,99.7,"30 km al OESTE de ARRIAGA , CHIS",2018-04-02 18:22:23
4.4,17.7547,-97.803,58.7,"6 km al SUROESTE de H HUAJUAPAN DE LEON, OAX",2018-07-24 12:48:48
4.4,19.67,-92.45,10,"127 km al NORTE de FRONTERA, TAB",2020-09-08 01:40:00
4.4,14.3772,-92.9833,17.2,"96 km al SUROESTE de CD HIDALGO, CHIS",2019-08-25 00:53:24
4.4,15.3947,-92.0317,206.9,"23 km al ESTE de MOTOZINTLA, CHIS",2018-11-24 08:44:53
4.4,17.726,-95.2802,112.3,"32 km al SURESTE de J RODRIGUEZ CLARA, VER",2018-06-17 06:55:47
4.4,16.2,-98.33,29,"34 km al SUROESTE de PINOTEPA NACIONAL, OAX",2020-09-03 15:23:28
4.4,16.3418,-94.171,101.7,"31 km al NOROESTE de ARRIAGA , CHIS",2019-08-26 22:58:38
4.4,18.4278,-103.23700000000001,51.4,"39 km al SUR de COALCOMAN, MICH",2020-06-20 13:20:21
4.4,16.8158,-95.1918,98.5,"17 km al SUROESTE de MATIAS ROMERO, OAX",2019-03-12 05:00:43
4.4,15.8758,-95.2278,61.2,"34 km al SUR de SALINA CRUZ, OAX",2019-08-31 03:31:12
4.4,16.8768,-95.1833,108.1,"15 km al OESTE de MATIAS ROMERO, OAX",2019-09-05 16:41:54
4.4,15.1998,-94.5807,19.3,"127 km al SURESTE de SALINA CRUZ, OAX",2020-03-07 20:35:52
4.4,15.59,-96.04,17,"23 km al SURESTE de CRUCECITA, OAX",2020-09-02 12:46:09
4.4,19.3578,-96.2503,15.1,"13 km al ESTE de JOSE CARDEL, VER",2018-12-07 01:19:25
4.4,32.207,-115.234,8.5,"15 km al SUROESTE de GPE VICTORIA(KM.43), BC",2018-11-19 23:49:14
4.4,16.1927,-95.1762,64,"2 km al NORESTE de SALINA CRUZ, OAX",2018-11-15 06:16:11
4.4,14.3067,-93.4412,18.2,"139 km al SUROESTE de MAPASTEPEC, CHIS",2018-12-13 07:37:48
4.4,22.468000000000004,-107.91799999999999,16.1,"176 km al SUROESTE de MAZATLAN, SIN",2020-05-23 07:56:57
4.4,24.1342,-109.155,18.4,"117 km al ESTE de LA PAZ, BCS",2018-11-13 01:21:42
4.4,16.6533,-94.7067,11.2,"24 km al NORESTE de UNION HIDALGO, OAX",2020-06-16 22:40:43
4.4,13.7143,-93.2327,10,"158 km al SUROESTE de CD HIDALGO, CHIS",2020-01-22 00:01:02
4.4,13.1978,-92.4787,15,"168 km al SUR de CD HIDALGO, CHIS",2018-07-25 10:56:21
4.4,31.1705,-114.219,10.9,"61 km al ESTE de SAN FELIPE, BC",2019-08-10 08:28:44
4.4,15.6255,-94.8353,22.6,"73 km al SURESTE de SALINA CRUZ, OAX",2018-02-20 10:04:07
4.4,15.5405,-95.0598,27.1,"72 km al SUR de SALINA CRUZ, OAX",2020-08-31 00:28:27
4.4,16.9465,-94.3568,132.3,"73 km al NORESTE de UNION HIDALGO, OAX",2019-08-10 18:45:43
4.4,15.5708,-98.6422,16,"106 km al SUROESTE de PINOTEPA NACIONAL, OAX",2019-03-04 14:53:05
4.4,14.427999999999999,-92.4797,85,"45 km al SUROESTE de CD HIDALGO, CHIS",2018-12-09 19:42:31
4.4,14.8762,-92.9225,61.9,"57 km al SUROESTE de HUIXTLA, CHIS",2019-08-14 08:39:38
4.4,14.5928,-92.3885,66.9,"27 km al SUROESTE de CD HIDALGO, CHIS",2018-02-20 11:12:10
4.4,27.05,-111.36,10,"95 km al SURESTE de SANTA ROSALIA, BCS",2020-09-24 23:06:45
4.4,17.963,-102.385,16.6,"10 km al SUROESTE de LA MIRA, MICH",2019-10-11 18:11:43
4.4,15.4468,-94.777,22.4,"93 km al SURESTE de SALINA CRUZ, OAX",2018-12-25 13:11:07
4.4,14.9345,-93.6573,36.3,"96 km al SUROESTE de PIJIJIAPAN, CHIS",2018-06-25 10:49:18
4.4,16.8742,-99.3348,34.3,"11 km al NORESTE de SAN MARCOS, GRO",2018-06-24 19:43:20
4.4,14.989,-94.0618,11.9,"120 km al SUROESTE de PIJIJIAPAN, CHIS",2019-11-06 02:53:03
4.4,15.562999999999999,-92.167,188.4,"11 km al SUR de FRONTERA COMALAPA, CHIS",2018-01-31 03:33:49
4.4,14.1698,-93.456,7.3,"151 km al SUROESTE de HUIXTLA, CHIS",2019-06-14 20:58:37
4.4,14.3915,-93.3658,23.2,"127 km al SUROESTE de MAPASTEPEC, CHIS",2019-11-04 23:35:08
4.4,16.1745,-98.7892,29.1,"70 km al SUROESTE de OMETEPEC, GRO",2018-01-05 01:33:36
4.4,26.142,-110.891,11.1,"47 km al NORESTE de LORETO, BCS",2019-01-05 09:36:55
4.4,19.3992,-97.0375,7.2,"4 km al SUROESTE de XICO, VER",2019-01-05 09:32:15
4.4,13.3885,-92.5233,5,"148 km al SUROESTE de CD HIDALGO, CHIS",2018-06-24 18:02:43
4.4,16.1767,-92.3497,10,"21 km al SUR de LAS ROSAS, CHIS",2019-01-05 04:18:51
4.4,15.2823,-94.697,17.2,"113 km al SURESTE de SALINA CRUZ, OAX",2018-02-02 01:56:24
4.4,16.203,-98.1232,8.7,"17 km al SUROESTE de PINOTEPA NACIONAL, OAX",2018-03-05 14:30:22
4.4,16.1012,-95.1408,43,"11 km al SURESTE de SALINA CRUZ, OAX",2018-02-02 03:58:59
4.4,15.5212,-95.0162,16,"76 km al SUR de SALINA CRUZ, OAX",2020-02-20 03:39:25
4.4,14.7342,-92.0715,103.3,"11 km al NORESTE de CD HIDALGO, CHIS",2018-02-03 00:28:00
4.4,15.8102,-95.0312,21.3,"45 km al SURESTE de SALINA CRUZ, OAX",2018-08-04 07:57:12
4.4,14.2282,-93.3148,6.9,"135 km al SUROESTE de CD HIDALGO, CHIS",2019-06-14 18:08:27
4.4,14.2795,-93.5002,15,"144 km al SUROESTE de MAPASTEPEC, CHIS",2018-03-04 11:46:12
4.4,14.3163,-93.3098,6.5,"129 km al SUROESTE de HUIXTLA, CHIS",2019-06-14 18:07:55
4.4,19.3558,-92.6138,6.2,"91 km al NORTE de FRONTERA, TAB",2020-04-11 04:45:24
4.4,30.7788,-114.211,5,"66 km al SURESTE de SAN FELIPE, BC",2019-06-13 20:52:43
4.4,17.679000000000002,-102.06200000000001,30,"34 km al SURESTE de CD LAZARO CARDENAS, MICH",2019-06-14 00:41:06
4.4,17.4415,-94.83,138.2,"51 km al SURESTE de SAYULA DE ALEMAN, VER",2019-01-10 13:37:19
4.4,17.3752,-101.37700000000001,32.6,"21 km al SUROESTE de PETATLAN, GRO",2018-10-04 08:08:18
4.4,16.93,-100.42399999999999,8.5,"31 km al SUR de ATOYAC DE ALVAREZ, GRO",2019-02-27 15:27:54
4.4,16.1415,-97.2358,11.9,"26 km al NORESTE de RIO GRANDE, OAX",2020-08-05 22:33:46
4.4,15.194,-92.7263,104.5,"29 km al OESTE de HUIXTLA, CHIS",2019-03-24 17:41:16
4.4,15.6057,-97.7252,16.8,"55 km al SUROESTE de RIO GRANDE, OAX",2018-03-09 15:53:24
4.4,19.7722,-109.398,10,"349 km al SUR de CABO SAN LUCAS, BCS",2019-03-24 13:58:40
4.4,14.9393,-94.3028,17,"140 km al SUROESTE de TONALA, CHIS",2018-01-30 07:09:26
4.4,16.9068,-100.42,6.1,"33 km al SUR de ATOYAC DE ALVAREZ, GRO",2019-02-28 05:12:33
4.4,27.7007,-111.7,10,"69 km al NORESTE de SANTA ROSALIA, BCS",2019-11-10 13:12:50
4.4,14.73,-93.8272,30,"125 km al SUROESTE de PIJIJIAPAN, CHIS",2020-05-07 22:58:08
4.4,15.529000000000002,-96.8052,16.4,"44 km al SUROESTE de S PEDRO POCHUTLA, OAX",2019-11-08 23:30:25
4.4,14.2405,-93.4,15,"141 km al SUROESTE de HUIXTLA, CHIS",2018-03-04 12:07:59
4.4,14.35,-94.09,16,"175 km al SUROESTE de PIJIJIAPAN, CHIS",2020-09-30 17:40:58
4.4,16.2075,-98.8775,10,"73 km al SUROESTE de OMETEPEC, GRO",2018-03-01 19:02:23
4.4,16.7138,-94.9848,25.3,"19 km al SURESTE de MATIAS ROMERO, OAX",2019-03-21 08:29:44
4.4,15.015999999999998,-94.3952,20.7,"137 km al SUROESTE de TONALA, CHIS",2018-04-29 05:06:20
4.4,15.1617,-94.711,16.1,"124 km al SURESTE de SALINA CRUZ, OAX",2019-10-26 09:42:49
4.4,16.2395,-98.8435,5,"68 km al SUROESTE de OMETEPEC, GRO",2018-03-01 16:49:23
4.4,16.2972,-97.992,7.7,"8 km al SURESTE de PINOTEPA NACIONAL, OAX",2018-07-18 03:37:20
4.4,15.5075,-96.2473,13.4,"31 km al SUROESTE de CRUCECITA, OAX",2020-07-04 06:07:52
4.4,17.2003,-101.352,5,"38 km al SUR de PETATLAN, GRO",2019-10-22 23:40:07
4.4,18.3578,-105.546,16.3,"142 km al SUROESTE de CIHUATLAN, JAL",2019-06-27 16:12:09
4.4,17.4573,-95.93700000000001,85.2,"72 km al SUR de LOMA BONITA, OAX",2018-03-30 09:59:10
4.4,15.2447,-94.7647,16.8,"113 km al SURESTE de SALINA CRUZ, OAX",2018-02-28 21:48:30
4.4,17.5803,-94.4392,185.1,"47 km al SURESTE de MINATITLAN, VER",2020-01-19 02:13:44
4.4,15.91,-95.2,44,"30 km al SUR de SALINA CRUZ, OAX",2020-09-25 04:07:03
4.4,18.1142,-106.083,10,"203 km al SUROESTE de CIHUATLAN, JAL",2020-02-22 16:43:21
4.4,18.5293,-106.185,15.3,"188 km al SUROESTE de CIHUATLAN, JAL",2018-07-30 17:08:54
4.4,15.5695,-95.8397,10,"39 km al SURESTE de CRUCECITA, OAX",2018-10-26 11:43:01
4.4,17.1428,-101.454,18.4,"48 km al SUROESTE de PETATLAN, GRO",2019-10-22 23:50:29
4.4,17.7745,-105.24,10,"172 km al SUROESTE de MANZANILLO, COL",2020-07-11 05:53:39
4.4,13.9697,-93.0797,13.1,"127 km al SUROESTE de CD HIDALGO, CHIS",2018-02-04 03:38:30
4.4,15.3953,-94.8228,19.2,"96 km al SURESTE de SALINA CRUZ, OAX",2018-06-04 09:42:18
4.4,15.8408,-92.6995,173.4,"49 km al NORESTE de MAPASTEPEC, CHIS",2018-12-29 04:01:07
4.4,15.8082,-94.9653,19.3,"48 km al SURESTE de SALINA CRUZ, OAX",2018-03-02 14:29:19
4.4,15.1492,-94.7207,16.1,"125 km al SURESTE de SALINA CRUZ, OAX",2019-10-26 09:20:52
4.4,16.000999999999998,-94.1093,94.3,"34 km al SUROESTE de ARRIAGA , CHIS",2018-12-31 02:08:23
4.4,16.022000000000002,-95.7432,62.6,"50 km al NORESTE de CRUCECITA, OAX",2020-08-17 03:53:16
4.4,16.0917,-95.7807,10.2,"52 km al NORESTE de CRUCECITA, OAX",2019-10-26 05:04:58
4.4,15.7085,-95.264,15,"53 km al SUR de SALINA CRUZ, OAX",2019-10-26 03:41:57
4.4,16.3442,-98.28200000000001,9,"25 km al OESTE de PINOTEPA NACIONAL, OAX",2018-06-05 01:10:59
4.4,15.6437,-95.2955,10,"61 km al SUR de SALINA CRUZ, OAX",2018-06-24 09:20:54
4.4,15.4483,-94.9075,16.1,"87 km al SURESTE de SALINA CRUZ, OAX",2020-07-04 17:37:58
4.3,19.346,-104.01,25.1,"27 km al NOROESTE de COQUIMATLAN, COL",2020-01-28 13:52:20
4.3,17.1523,-93.4225,150.9,"42 km al NOROESTE de BERRIOZABAL, CHIS",2018-07-17 04:08:27
4.3,15.005,-94.411,11.6,"139 km al SUROESTE de TONALA, CHIS",2020-05-09 13:30:04
4.3,16.7135,-95.4798,58.9,"44 km al NOROESTE de CD IXTEPEC, OAX",2020-05-13 07:57:05
4.3,17.5122,-94.4787,166.2,"53 km al SUR de MINATITLAN, VER",2020-05-09 05:22:37
4.3,16.2773,-98.1273,12.9,"11 km al SUROESTE de PINOTEPA NACIONAL, OAX",2018-07-17 11:43:43
4.3,15.466,-94.796,19.1,"90 km al SURESTE de SALINA CRUZ, OAX",2020-05-10 02:29:48
4.3,15.1438,-94.5667,24.6,"133 km al SURESTE de SALINA CRUZ, OAX",2018-07-19 10:16:07
4.3,17.06,-91.5892,10,"49 km al SUROESTE de TENOSIQUE, TAB",2020-01-29 08:05:04
4.3,16.8367,-100.10799999999999,13.2,"19 km al SUR de COYUCA DE BENITEZ, GRO",2020-01-30 00:11:22
4.3,14.3727,-93.3507,18.4,"127 km al SUROESTE de HUIXTLA, CHIS",2018-05-12 06:05:04
4.3,15.4953,-94.992,21.1,"79 km al SURESTE de SALINA CRUZ, OAX",2018-05-13 05:43:04
4.3,15.4303,-94.8515,19.9,"91 km al SURESTE de SALINA CRUZ, OAX",2018-05-30 00:49:13
4.3,15.709000000000001,-92.8582,168.7,"30 km al NORTE de MAPASTEPEC, CHIS",2018-05-17 13:29:24
4.3,18.9553,-103.89399999999999,4.5,"6 km al NOROESTE de TECOMAN, COL",2018-06-24 08:41:46
4.3,13.9768,-93.3518,10,"151 km al SUROESTE de CD HIDALGO, CHIS",2020-02-29 01:42:25
4.3,14.9228,-92.921,86.8,"54 km al SUROESTE de HUIXTLA, CHIS",2018-06-20 11:27:19
4.3,17.1413,-95.2028,118.4,"34 km al NOROESTE de MATIAS ROMERO, OAX",2018-06-20 14:58:03
4.3,16.2607,-98.0647,10.7,"9 km al SUR de PINOTEPA NACIONAL, OAX",2018-06-05 23:24:07
4.3,15.3233,-94.7157,24.5,"108 km al SURESTE de SALINA CRUZ, OAX",2018-06-21 11:00:59
4.3,13.7013,-92.9545,10,"139 km al SUROESTE de CD HIDALGO, CHIS",2020-02-24 14:16:38
4.3,29.9753,-113.939,10,"145 km al SURESTE de SAN FELIPE, BC",2020-04-01 23:38:07
4.3,15.234000000000002,-94.5853,35,"124 km al SURESTE de SALINA CRUZ, OAX",2018-06-24 08:08:03
4.3,15.6247,-95.0148,17,"65 km al SURESTE de SALINA CRUZ, OAX",2020-04-03 02:01:19
4.3,15.9642,-98.15799999999999,6.4,"43 km al SUROESTE de PINOTEPA NACIONAL, OAX",2018-06-06 14:31:17
4.3,16.7445,-98.3843,3.6,"7 km al NORESTE de OMETEPEC, GRO",2020-04-03 02:06:04
4.3,16.5617,-94.6707,112,"19 km al NORESTE de UNION HIDALGO, OAX",2020-04-03 05:27:58
4.3,16.9092,-99.455,35.4,"14 km al NOROESTE de SAN MARCOS, GRO",2020-04-03 18:44:12
4.3,15.2342,-94.663,16.1,"119 km al SURESTE de SALINA CRUZ, OAX",2018-06-05 09:01:36
4.3,13.9287,-92.9747,15,"121 km al SUROESTE de CD HIDALGO, CHIS",2020-04-04 21:31:56
4.3,15.3918,-94.4962,22.7,"110 km al SUROESTE de TONALA, CHIS",2020-04-04 23:22:13
4.3,17.159000000000002,-101.118,6.8,"45 km al SURESTE de PETATLAN, GRO",2020-04-05 10:57:41
4.3,15.6325,-95.2133,18.3,"61 km al SUR de SALINA CRUZ, OAX",2020-04-07 01:24:59
4.3,16.9922,-94.2713,137.9,"67 km al NOROESTE de CINTALAPA, CHIS",2018-06-06 00:15:00
4.3,15.1088,-94.4982,16.1,"134 km al SUROESTE de TONALA, CHIS",2020-02-29 06:15:07
4.3,15.671,-94.8435,18,"68 km al SURESTE de SALINA CRUZ, OAX",2018-06-25 02:13:14
4.3,15.6538,-96.315,10,"19 km al SURESTE de S PEDRO POCHUTLA, OAX",2018-06-10 17:47:38
4.3,14.1585,-93.9107,15,"179 km al SUROESTE de MAPASTEPEC, CHIS",2020-03-10 05:15:12
4.3,16.842,-94.1408,143.5,"48 km al NOROESTE de CINTALAPA, CHIS",2018-07-23 00:18:34
4.3,17.3638,-94.2535,182.4,"63 km al SUROESTE de LAS CHOAPAS, VER",2020-03-12 07:15:03
4.3,15.974,-94.0253,83.2,"31 km al SUROESTE de TONALA, CHIS",2018-06-17 20:06:20
4.3,14.4742,-93.3272,14.3,"117 km al SUROESTE de MAPASTEPEC, CHIS",2020-03-07 03:53:00
4.3,16.4065,-98.5507,2.6,"34 km al SUROESTE de OMETEPEC, GRO",2020-03-12 07:23:28
4.3,15.1135,-94.3058,12.7,"123 km al SUROESTE de TONALA, CHIS",2018-06-12 18:19:51
4.3,14.5073,-93.1937,82,"105 km al SUROESTE de HUIXTLA, CHIS",2020-03-06 20:33:15
4.3,30.1232,-114.132,10,"121 km al SURESTE de SAN FELIPE, BC",2020-03-05 07:23:24
4.3,27.0517,-111.444,16,"87 km al SURESTE de SANTA ROSALIA, BCS",2018-06-07 03:03:09
4.3,18.157,-105.285,16.1,"142 km al SUROESTE de CIHUATLAN, JAL",2020-03-03 05:43:14
4.3,15.2802,-92.139,168.6,"15 km al SURESTE de MOTOZINTLA, CHIS",2020-03-18 19:49:16
4.3,16.2855,-98.1002,12.3,"8 km al SUROESTE de PINOTEPA NACIONAL, OAX",2018-06-10 02:59:16
4.3,16.6058,-98.4535,2.4,"10 km al SUROESTE de OMETEPEC, GRO",2020-03-01 03:01:31
4.3,16.6142,-95.3513,22.9,"27 km al OESTE de CD IXTEPEC, OAX",2020-03-20 09:22:58
4.3,16.5465,-99.3452,5.5,"28 km al SUR de SAN MARCOS, GRO",2020-03-21 18:50:09
4.3,16.6472,-93.6242,162.4,"12 km al SURESTE de CINTALAPA, CHIS",2018-06-07 18:57:26
4.3,15.0707,-94.411,17.3,"132 km al SUROESTE de TONALA, CHIS",2018-06-07 05:21:15
4.3,16.1732,-97.4518,31.6,"18 km al NORTE de RIO GRANDE, OAX",2018-06-03 16:55:14
4.3,13.6972,-92.7193,5,"125 km al SUROESTE de CD HIDALGO, CHIS",2018-06-25 04:04:05
4.3,15.565,-94.9457,8.1,"73 km al SURESTE de SALINA CRUZ, OAX",2018-05-18 07:44:50
4.3,16.037,-98.6585,15.6,"73 km al SUROESTE de PINOTEPA NACIONAL, OAX",2020-04-29 14:05:37
4.3,15.524000000000001,-95.0715,19,"74 km al SUR de SALINA CRUZ, OAX",2020-02-09 05:44:28
4.3,19.0375,-92.59299999999999,10,"56 km al NORTE de FRONTERA, TAB",2018-07-03 03:16:58
4.3,16.4343,-95.4667,64,"27 km al NOROESTE de TEHUANTEPEC, OAX",2018-07-03 03:54:09
4.3,16.1133,-95.0067,10.5,"22 km al SURESTE de SALINA CRUZ, OAX",2020-04-28 06:36:49
4.3,16.497,-95.2095,93.5,"14 km al SUROESTE de CD IXTEPEC, OAX",2018-05-24 10:55:58
4.3,14.6597,-94.3248,16.1,"165 km al SUROESTE de PIJIJIAPAN, CHIS",2020-02-05 23:44:34
4.3,15.4333,-94.79799999999999,19.2,"93 km al SURESTE de SALINA CRUZ, OAX",2020-04-28 11:18:50
4.3,16.4285,-93.0628,229.9,"22 km al SUR de SUCHIAPA, CHIS",2020-04-29 09:41:33
4.3,14.698,-94.1817,15.8,"151 km al SUROESTE de PIJIJIAPAN, CHIS",2018-05-23 23:26:38
4.3,15.8257,-98.4527,16.1,"71 km al SUROESTE de PINOTEPA NACIONAL, OAX",2020-02-09 15:57:42
4.3,13.592,-92.125,58.5,"120 km al SUR de CD HIDALGO, CHIS",2020-02-02 17:09:03
4.3,16.8678,-95.6132,30,"61 km al OESTE de MATIAS ROMERO, OAX",2020-02-02 06:20:06
4.3,16.3762,-98.0258,17.3,"5 km al NORESTE de PINOTEPA NACIONAL, OAX",2020-02-02 05:25:51
4.3,14.3187,-93.8558,11.2,"162 km al SUROESTE de MAPASTEPEC, CHIS",2018-05-21 00:46:23
4.3,16.5118,-97.925,39.2,"23 km al NORESTE de PINOTEPA NACIONAL, OAX",2020-01-31 03:31:43
4.3,26.6778,-110.926,10,"85 km al NORESTE de LORETO, BCS",2018-05-20 10:35:08
4.3,14.5612,-94.285,16.1,"170 km al SUROESTE de PIJIJIAPAN, CHIS",2018-05-19 17:48:46
4.3,15.595999999999998,-95.9553,10.8,"27 km al SURESTE de CRUCECITA, OAX",2018-07-11 22:35:23
4.3,30.090999999999998,-114.322,9.8,"115 km al SURESTE de SAN FELIPE, BC",2020-02-09 14:00:31
4.3,17.5198,-102.109,16.7,"49 km al SUR de CD LAZARO CARDENAS, MICH",2020-02-09 16:19:38
4.3,15.6787,-96.8245,5,"33 km al SURESTE de PUERTO ESCONDIDO, OAX",2018-06-25 18:09:42
4.3,15.6998,-95.527,11,"64 km al SUROESTE de SALINA CRUZ, OAX",2020-03-08 03:52:51
4.3,25.2385,-109.823,10,"100 km al SUROESTE de AHOME, SIN",2020-02-16 12:06:34
4.3,27.4863,-111.348,13.9,"65 km al SUROESTE de H GUAYMAS, SON",2018-06-02 23:05:45
4.3,13.5235,-93.0732,14.1,"162 km al SUROESTE de CD HIDALGO, CHIS",2020-02-16 04:10:19
4.3,25.1197,-109.73899999999999,15,"105 km al SUROESTE de AHOME, SIN",2020-02-15 21:46:06
4.3,15.9483,-98.4277,16.6,"59 km al SUROESTE de PINOTEPA NACIONAL, OAX",2018-06-01 13:48:44
4.3,15.4415,-92.5167,153,"30 km al NOROESTE de MOTOZINTLA, CHIS",2020-02-15 15:18:40
4.3,15.9523,-98.8897,16,"96 km al SUROESTE de OMETEPEC, GRO",2020-02-15 11:05:19
4.3,27.9088,-111.954,10,"70 km al NORESTE de SANTA ROSALIA, BCS",2020-02-14 11:16:02
4.3,16.4665,-99.345,3.3,"37 km al SUR de SAN MARCOS, GRO",2020-04-19 03:00:54
4.3,18.065,-100.363,58.7,"29 km al SUROESTE de ARCELIA, GRO",2020-04-24 05:57:33
4.3,18.3915,-103.199,50.4,"43 km al SUR de COALCOMAN, MICH",2020-02-13 11:30:48
4.3,15.4595,-94.5642,31.1,"105 km al SURESTE de SALINA CRUZ, OAX",2020-04-19 14:46:19
4.3,16.7758,-94.0268,138.6,"34 km al NOROESTE de CINTALAPA, CHIS",2020-02-13 07:24:53
4.3,14.9795,-94.4017,17.2,"141 km al SUROESTE de TONALA, CHIS",2018-05-29 09:21:09
4.3,16.2803,-98.3028,7,"28 km al OESTE de PINOTEPA NACIONAL, OAX",2018-05-28 10:49:54
4.3,15.6833,-93.705,86.8,"45 km al SUR de TONALA, CHIS",2018-06-29 12:29:00
4.3,14.7012,-92.5588,68.4,"39 km al SUROESTE de TAPACHULA, CHIS",2020-04-22 23:23:09
4.3,16.0237,-98.6733,17.4,"75 km al SUROESTE de PINOTEPA NACIONAL, OAX",2018-05-27 22:54:18
4.3,15.82,-95.04,16,"43 km al SURESTE de SALINA CRUZ, OAX",2020-11-12 11:58:17
4.3,18.2933,-104.963,16.8,"108 km al SUROESTE de MANZANILLO, COL",2019-10-29 21:44:32
4.3,15.5305,-93.7653,83.5,"61 km al SUR de TONALA, CHIS",2020-01-23 08:24:05
4.3,15.1718,-94.3223,16.3,"118 km al SUROESTE de TONALA, CHIS",2018-07-24 09:12:42
4.3,17.2258,-100.45100000000001,51.4,"3 km al NOROESTE de ATOYAC DE ALVAREZ, GRO",2019-01-10 08:31:36
4.3,15.5323,-95.1085,18.4,"72 km al SUR de SALINA CRUZ, OAX",2019-01-10 05:53:43
4.3,14.3605,-93.2903,14,"124 km al SUROESTE de HUIXTLA, CHIS",2019-06-14 17:11:52
4.3,15.01,-93.5985,16.1,"86 km al SUROESTE de PIJIJIAPAN, CHIS",2019-06-14 19:17:50
4.3,14.5168,-93.2648,5.4,"110 km al SUROESTE de MAPASTEPEC, CHIS",2019-01-07 19:05:03
4.3,15.3925,-94.5685,18.9,"110 km al SURESTE de SALINA CRUZ, OAX",2019-01-07 08:30:59
4.3,14.8742,-92.6388,76.2,"35 km al SUROESTE de HUIXTLA, CHIS",2019-01-06 09:01:59
4.3,17.2403,-94.6538,139.6,"58 km al NORESTE de MATIAS ROMERO, OAX",2019-06-16 15:30:36
4.3,16.6133,-95.3625,25.4,"29 km al OESTE de CD IXTEPEC, OAX",2019-01-02 05:10:31
4.3,15.3475,-94.6638,16.6,"108 km al SURESTE de SALINA CRUZ, OAX",2019-06-19 02:31:47
4.3,26.443,-110.583,16.1,"90 km al NORESTE de LORETO, BCS",2019-01-01 22:39:23
4.3,17.657,-101.89399999999999,7.8,"36 km al OESTE de ZIHUATANEJO, GRO",2019-06-19 12:52:54
4.3,14.3178,-93.3905,7.7,"135 km al SUROESTE de HUIXTLA, CHIS",2019-06-19 16:00:47
4.3,16.1265,-95.3587,22,"18 km al SUROESTE de SALINA CRUZ, OAX",2019-01-01 01:13:26
4.3,14.2055,-92.1417,54.6,"52 km al SUR de CD HIDALGO, CHIS",2019-06-19 22:09:13
4.3,15.1632,-94.4152,16,"124 km al SUROESTE de TONALA, CHIS",2018-12-31 14:05:37
4.3,14.7555,-93.8202,18.5,"122 km al SUROESTE de PIJIJIAPAN, CHIS",2019-06-24 09:51:14
4.3,16.1695,-93.085,192.2,"21 km al SURESTE de VILLAFLORES, CHIS",2019-06-14 13:29:12
4.3,14.2088,-93.4153,5.2,"145 km al SUROESTE de HUIXTLA, CHIS",2019-06-14 06:16:22
4.3,15.442,-93.7563,149.7,"65 km al SUROESTE de PIJIJIAPAN, CHIS",2019-01-11 05:39:31
4.3,15.7783,-95.6282,6.7,"54 km al ESTE de CRUCECITA, OAX",2019-01-14 21:08:44
4.3,15.8342,-97.015,35.7,"6 km al SURESTE de PUERTO ESCONDIDO, OAX",2019-01-23 02:42:38
4.3,13.9593,-93.61200000000001,17.4,"176 km al SUROESTE de CD HIDALGO, CHIS",2019-01-22 11:28:03
4.3,23.254,-100.29799999999999,10,"56 km al SURESTE de MATEHUALA, SLP",2019-05-26 09:10:54
4.3,16.0042,-92.9368,182.7,"43 km al SURESTE de VILLAFLORES, CHIS",2019-06-01 07:09:22
4.3,29.6592,-114.006,8.9,"171 km al SURESTE de SAN FELIPE, BC",2019-01-16 19:08:29
4.3,16.9097,-99.2683,34.8,"18 km al NORESTE de SAN MARCOS, GRO",2019-06-05 18:25:34
4.3,14.2737,-93.8147,11.5,"163 km al SUROESTE de MAPASTEPEC, CHIS",2019-01-15 06:58:22
4.3,17.1348,-94.0407,179.4,"59 km al NOROESTE de CINTALAPA, CHIS",2019-01-14 10:47:38
4.3,14.617,-94.2827,16.1,"165 km al SUROESTE de PIJIJIAPAN, CHIS",2019-06-13 09:28:45
4.3,16.8502,-93.9618,148.2,"31 km al NOROESTE de CINTALAPA, CHIS",2019-01-14 02:15:18
4.3,15.4777,-95.0713,16.1,"79 km al SUR de SALINA CRUZ, OAX",2019-06-08 18:36:59
4.3,16.9403,-94.2758,140.2,"65 km al NOROESTE de CINTALAPA, CHIS",2019-01-13 17:10:05
4.3,15.865,-94.9298,22.8,"45 km al SURESTE de SALINA CRUZ, OAX",2019-01-13 05:10:53
4.3,16.1903,-94.1515,97.7,"27 km al OESTE de ARRIAGA , CHIS",2019-01-13 04:09:25
4.3,15.9942,-95.0273,30,"28 km al SURESTE de SALINA CRUZ, OAX",2019-01-13 00:29:26
4.3,15.4597,-96.5513,15,"33 km al SUROESTE de S PEDRO POCHUTLA, OAX",2019-06-13 06:49:51
4.3,14.7988,-92.3942,98.6,"19 km al SUROESTE de TAPACHULA, CHIS",2019-06-24 10:35:26
4.3,15.1413,-94.6893,16,"127 km al SURESTE de SALINA CRUZ, OAX",2018-12-27 21:16:46
4.3,13.8533,-92.7152,14.8,"110 km al SUROESTE de CD HIDALGO, CHIS",2019-06-24 12:34:16
4.3,15.459000000000001,-95.0293,18.3,"82 km al SUR de SALINA CRUZ, OAX",2018-12-09 21:36:09
4.3,16.5292,-93.8812,147.5,"25 km al SUROESTE de CINTALAPA, CHIS",2018-12-15 19:26:02
4.3,17.3198,-95.9257,88.1,"71 km al NORESTE de TLACOLULA, OAX",2018-12-13 02:32:55
4.3,15.3635,-94.6158,20,"110 km al SURESTE de SALINA CRUZ, OAX",2019-08-03 14:16:07
4.3,15.6528,-92.3307,221.2,"20 km al OESTE de FRONTERA COMALAPA, CHIS",2018-12-12 18:57:16
4.3,18.0982,-103.39200000000001,3.7,"79 km al SUROESTE de COALCOMAN, MICH",2019-08-05 02:07:25
4.3,17.6117,-94.9885,135,"30 km al SUR de SAYULA DE ALEMAN, VER",2019-08-09 05:48:02
4.3,15.8332,-94.9647,29,"46 km al SURESTE de SALINA CRUZ, OAX",2019-08-11 13:47:44
4.3,14.4775,-92.8335,23,"77 km al SUROESTE de CD HIDALGO, CHIS",2019-08-13 15:30:55
4.3,15.9813,-98.7775,17.2,"87 km al SUROESTE de PINOTEPA NACIONAL, OAX",2019-07-17 17:38:38
4.3,18.5072,-103.79700000000001,39.5,"45 km al SUR de TECOMAN, COL",2018-12-09 00:50:33
4.3,15.9527,-98.8797,15,"95 km al SUROESTE de OMETEPEC, GRO",2018-12-08 16:33:43
4.3,15.8797,-98.0697,10.4,"51 km al SUR de PINOTEPA NACIONAL, OAX",2019-08-17 15:13:07
4.3,18.1543,-100.33200000000001,53.2,"18 km al SUROESTE de ARCELIA, GRO",2019-08-18 12:51:46
4.3,16.8628,-93.86200000000001,161.1,"24 km al NOROESTE de CINTALAPA, CHIS",2019-08-20 03:08:24
4.3,17.6657,-94.898,132.3,"25 km al SURESTE de SAYULA DE ALEMAN, VER",2018-12-06 18:22:41
4.3,17.4795,-94.7865,138.5,"48 km al SURESTE de SAYULA DE ALEMAN, VER",2019-08-22 03:21:17
4.3,15.9537,-98.1872,16.1,"45 km al SUROESTE de PINOTEPA NACIONAL, OAX",2018-12-16 22:18:06
4.3,16.7233,-94.6622,107.2,"33 km al NORESTE de UNION HIDALGO, OAX",2018-12-16 22:47:23
4.3,18.79,-102.104,77.4,"26 km al SUR de NUEVA ITALIA, MICH",2019-06-26 19:33:09
4.3,15.5502,-94.9513,16.1,"75 km al SURESTE de SALINA CRUZ, OAX",2018-12-23 14:59:40
4.3,14.8287,-92.9718,60.2,"64 km al SUROESTE de HUIXTLA, CHIS",2018-12-26 04:19:08
4.3,17.1957,-94.4187,155,"75 km al NORESTE de MATIAS ROMERO, OAX",2019-06-28 00:18:57
4.3,13.6625,-92.1477,32.9,"112 km al SUR de CD HIDALGO, CHIS",2019-06-28 02:07:43
4.3,15.255,-94.551,33.2,"124 km al SURESTE de SALINA CRUZ, OAX",2019-06-28 12:02:50
4.3,15.4445,-94.5083,38.6,"107 km al SUROESTE de TONALA, CHIS",2019-06-28 21:46:17
4.3,15.7507,-92.74600000000001,173.3,"38 km al NORESTE de MAPASTEPEC, CHIS",2018-12-24 03:37:52
4.3,16.0173,-98.3923,4.6,"51 km al SUROESTE de PINOTEPA NACIONAL, OAX",2018-12-23 18:47:05
4.3,15.7575,-92.2358,249.3,"15 km al NOROESTE de FRONTERA COMALAPA, CHIS",2019-07-02 19:41:12
4.3,17.1025,-100.012,29.4,"13 km al NORESTE de COYUCA DE BENITEZ, GRO",2018-12-16 23:07:01
4.3,17.2177,-94.869,126.6,"42 km al NORESTE de MATIAS ROMERO, OAX",2018-12-22 01:24:47
4.3,15.0523,-94.994,19.2,"127 km al SUR de SALINA CRUZ, OAX",2019-07-03 02:55:48
4.3,17.4675,-94.7062,30.4,"53 km al SURESTE de SAYULA DE ALEMAN, VER",2019-07-04 06:39:33
4.3,14.3825,-94.1045,16.1,"173 km al SUROESTE de PIJIJIAPAN, CHIS",2018-12-20 11:02:39
4.3,14.6435,-92.5117,79.9,"39 km al OESTE de CD HIDALGO, CHIS",2019-07-06 11:33:37
4.3,15.5335,-94.9127,16.1,"78 km al SURESTE de SALINA CRUZ, OAX",2018-12-18 16:03:43
4.3,27.9842,-112.09,2.8,"74 km al NORTE de SANTA ROSALIA, BCS",2018-12-17 22:06:08
4.3,14.0273,-92.0622,30.8,"73 km al SUR de CD HIDALGO, CHIS",2019-01-23 14:32:57
4.3,14.0143,-93.62799999999999,9.7,"175 km al SUROESTE de CD HIDALGO, CHIS",2019-01-24 02:49:38
4.3,26.3085,-103.399,8.2,"60 km al NORTE de FCO I. MADERO, COAH",2019-01-24 10:13:26
4.3,14.4315,-92.0408,79.3,"30 km al SURESTE de CD HIDALGO, CHIS",2019-02-23 02:14:23
4.3,15.008,-93.3548,67.5,"69 km al SUROESTE de MAPASTEPEC, CHIS",2019-03-26 13:56:52
4.3,15.5385,-96.52,7,"24 km al SUR de S PEDRO POCHUTLA, OAX",2019-03-27 08:16:11
4.3,15.519,-94.939,21.5,"78 km al SURESTE de SALINA CRUZ, OAX",2019-03-28 09:08:36
4.3,14.5795,-93.7258,20.1,"131 km al SUROESTE de MAPASTEPEC, CHIS",2019-02-25 19:38:56
4.3,14.4045,-93.9323,12.5,"160 km al SUROESTE de MAPASTEPEC, CHIS",2019-02-25 19:36:46
4.3,19.0497,-107.469,10,"291 km al SUROESTE de PUERTO VALLARTA, JAL",2019-03-30 06:54:28
4.3,14.0527,-92.7297,10,"93 km al SUROESTE de CD HIDALGO, CHIS",2019-02-25 00:47:11
